[2026-09-04 13:31:04] production.ERROR: Secret is not set. {"exception":"[object] (Tymon\\JWTAuth\\Exceptions\\JWTException(code: 0): Secret is not set. at /home/u187586491/domains/pixfacil.fun/public_html/vendor/tymon/jwt-auth/src/Providers/JWT/Lcobucci.php:238)
[stacktrace]
#0 /home/u187586491/domains/pixfacil.fun/public_html/vendor/tymon/jwt-auth/src/Providers/JWT/Lcobucci.php(174): Tymon\\JWTAuth\\Providers\\JWT\\Lcobucci->getSigningKey()
#1 /home/u187586491/domains/pixfacil.fun/public_html/vendor/tymon/jwt-auth/src/Providers/JWT/Lcobucci.php(58): Tymon\\JWTAuth\\Providers\\JWT\\Lcobucci->buildConfig()
#2 /home/u187586491/domains/pixfacil.fun/public_html/vendor/tymon/jwt-auth/src/Providers/AbstractServiceProvider.php(167): Tymon\\JWTAuth\\Providers\\JWT\\Lcobucci->__construct()
#3 /home/u187586491/domains/pixfacil.fun/public_html/vendor/laravel/framework/src/Illuminate/Container/Container.php(1115): Tymon\\JWTAuth\\Providers\\AbstractServiceProvider->Tymon\\JWTAuth\\Providers\\{closure}()
#4 /home/u187586491/domains/pixfacil.fun/public_html/vendor/laravel/framework/src/Illuminate/Container/Container.php(933): Illuminate\\Container\\Container->build()
#5 /home/u187586491/domains/pixfacil.fun/public_html/vendor/laravel/framework/src/Illuminate/Foundation/Application.php(1078): Illuminate\\Container\\Container->resolve()
#6 /home/u187586491/domains/pixfacil.fun/public_html/vendor/laravel/framework/src/Illuminate/Container/Container.php(864): Illuminate\\Foundation\\Application->resolve()
#7 /home/u187586491/domains/pixfacil.fun/public_html/vendor/laravel/framework/src/Illuminate/Foundation/Application.php(1058): Illuminate\\Container\\Container->make()
#8 /home/u187586491/domains/pixfacil.fun/public_html/vendor/tymon/jwt-auth/src/Providers/AbstractServiceProvider.php(367): Illuminate\\Foundation\\Application->make()
#9 /home/u187586491/domains/pixfacil.fun/public_html/vendor/tymon/jwt-auth/src/Providers/AbstractServiceProvider.php(138): Tymon\\JWTAuth\\Providers\\AbstractServiceProvider->getConfigInstance()
#10 /home/u187586491/domains/pixfacil.fun/public_html/vendor/laravel/framework/src/Illuminate/Container/Container.php(1115): Tymon\\JWTAuth\\Providers\\AbstractServiceProvider->Tymon\\JWTAuth\\Providers\\{closure}()
#11 /home/u187586491/domains/pixfacil.fun/public_html/vendor/laravel/framework/src/Illuminate/Container/Container.php(933): Illuminate\\Container\\Container->build()
#12 /home/u187586491/domains/pixfacil.fun/public_html/vendor/laravel/framework/src/Illuminate/Foundation/Application.php(1078): Illuminate\\Container\\Container->resolve()
#13 /home/u187586491/domains/pixfacil.fun/public_html/vendor/laravel/framework/src/Illuminate/Container/Container.php(864): Illuminate\\Foundation\\Application->resolve()
#14 /home/u187586491/domains/pixfacil.fun/public_html/vendor/laravel/framework/src/Illuminate/Foundation/Application.php(1058): Illuminate\\Container\\Container->make()
#15 /home/u187586491/domains/pixfacil.fun/public_html/vendor/laravel/framework/src/Illuminate/Container/Container.php(1805): Illuminate\\Foundation\\Application->make()
#16 /home/u187586491/domains/pixfacil.fun/public_html/vendor/tymon/jwt-auth/src/Providers/AbstractServiceProvider.php(208): Illuminate\\Container\\Container->offsetGet()
#17 /home/u187586491/domains/pixfacil.fun/public_html/vendor/laravel/framework/src/Illuminate/Container/Container.php(1115): Tymon\\JWTAuth\\Providers\\AbstractServiceProvider->Tymon\\JWTAuth\\Providers\\{closure}()
#18 /home/u187586491/domains/pixfacil.fun/public_html/vendor/laravel/framework/src/Illuminate/Container/Container.php(933): Illuminate\\Container\\Container->build()
#19 /home/u187586491/domains/pixfacil.fun/public_html/vendor/laravel/framework/src/Illuminate/Foundation/Application.php(1078): Illuminate\\Container\\Container->resolve()
#20 /home/u187586491/domains/pixfacil.fun/public_html/vendor/laravel/framework/src/Illuminate/Container/Container.php(864): Illuminate\\Foundation\\Application->resolve()
#21 /home/u187586491/domains/pixfacil.fun/public_html/vendor/laravel/framework/src/Illuminate/Foundation/Application.php(1058): Illuminate\\Container\\Container->make()
#22 /home/u187586491/domains/pixfacil.fun/public_html/vendor/laravel/framework/src/Illuminate/Container/Container.php(1805): Illuminate\\Foundation\\Application->make()
#23 /home/u187586491/domains/pixfacil.fun/public_html/vendor/tymon/jwt-auth/src/Providers/AbstractServiceProvider.php(250): Illuminate\\Container\\Container->offsetGet()
#24 /home/u187586491/domains/pixfacil.fun/public_html/vendor/laravel/framework/src/Illuminate/Container/Container.php(1115): Tymon\\JWTAuth\\Providers\\AbstractServiceProvider->Tymon\\JWTAuth\\Providers\\{closure}()
#25 /home/u187586491/domains/pixfacil.fun/public_html/vendor/laravel/framework/src/Illuminate/Container/Container.php(933): Illuminate\\Container\\Container->build()
#26 /home/u187586491/domains/pixfacil.fun/public_html/vendor/laravel/framework/src/Illuminate/Foundation/Application.php(1078): Illuminate\\Container\\Container->resolve()
#27 /home/u187586491/domains/pixfacil.fun/public_html/vendor/laravel/framework/src/Illuminate/Container/Container.php(864): Illuminate\\Foundation\\Application->resolve()
#28 /home/u187586491/domains/pixfacil.fun/public_html/vendor/laravel/framework/src/Illuminate/Foundation/Application.php(1058): Illuminate\\Container\\Container->make()
#29 /home/u187586491/domains/pixfacil.fun/public_html/vendor/laravel/framework/src/Illuminate/Container/Container.php(1805): Illuminate\\Foundation\\Application->make()
#30 /home/u187586491/domains/pixfacil.fun/public_html/vendor/tymon/jwt-auth/src/Providers/AbstractServiceProvider.php(96): Illuminate\\Container\\Container->offsetGet()
#31 /home/u187586491/domains/pixfacil.fun/public_html/vendor/laravel/framework/src/Illuminate/Auth/AuthManager.php(112): Tymon\\JWTAuth\\Providers\\AbstractServiceProvider->Tymon\\JWTAuth\\Providers\\{closure}()
#32 /home/u187586491/domains/pixfacil.fun/public_html/vendor/laravel/framework/src/Illuminate/Auth/AuthManager.php(89): Illuminate\\Auth\\AuthManager->callCustomCreator()
#33 /home/u187586491/domains/pixfacil.fun/public_html/vendor/laravel/framework/src/Illuminate/Auth/AuthManager.php(69): Illuminate\\Auth\\AuthManager->resolve()
#34 /home/u187586491/domains/pixfacil.fun/public_html/vendor/laravel/framework/src/Illuminate/Foundation/helpers.php(180): Illuminate\\Auth\\AuthManager->guard()
#35 /home/u187586491/domains/pixfacil.fun/public_html/app/Http/Middleware/SetDefaultLanguage.php(16): auth()
#36 /home/u187586491/domains/pixfacil.fun/public_html/vendor/laravel/framework/src/Illuminate/Pipeline/Pipeline.php(219): App\\Http\\Middleware\\SetDefaultLanguage->handle()
#37 /home/u187586491/domains/pixfacil.fun/public_html/vendor/laravel/framework/src/Illuminate/Foundation/Http/Middleware/TransformsRequest.php(21): Illuminate\\Pipeline\\Pipeline->Illuminate\\Pipeline\\{closure}()
#38 /home/u187586491/domains/pixfacil.fun/public_html/vendor/laravel/framework/src/Illuminate/Foundation/Http/Middleware/ConvertEmptyStringsToNull.php(31): Illuminate\\Foundation\\Http\\Middleware\\TransformsRequest->handle()
#39 /home/u187586491/domains/pixfacil.fun/public_html/vendor/laravel/framework/src/Illuminate/Pipeline/Pipeline.php(219): Illuminate\\Foundation\\Http\\Middleware\\ConvertEmptyStringsToNull->handle()
#40 /home/u187586491/domains/pixfacil.fun/public_html/vendor/laravel/framework/src/Illuminate/Foundation/Http/Middleware/TransformsRequest.php(21): Illuminate\\Pipeline\\Pipeline->Illuminate\\Pipeline\\{closure}()
#41 /home/u187586491/domains/pixfacil.fun/public_html/vendor/laravel/framework/src/Illuminate/Foundation/Http/Middleware/TrimStrings.php(51): Illuminate\\Foundation\\Http\\Middleware\\TransformsRequest->handle()
#42 /home/u187586491/domains/pixfacil.fun/public_html/vendor/laravel/framework/src/Illuminate/Pipeline/Pipeline.php(219): Illuminate\\Foundation\\Http\\Middleware\\TrimStrings->handle()
#43 /home/u187586491/domains/pixfacil.fun/public_html/vendor/laravel/framework/src/Illuminate/Http/Middleware/ValidatePostSize.php(27): Illuminate\\Pipeline\\Pipeline->Illuminate\\Pipeline\\{closure}()
#44 /home/u187586491/domains/pixfacil.fun/public_html/vendor/laravel/framework/src/Illuminate/Pipeline/Pipeline.php(219): Illuminate\\Http\\Middleware\\ValidatePostSize->handle()
#45 /home/u187586491/domains/pixfacil.fun/public_html/vendor/laravel/framework/src/Illuminate/Foundation/Http/Middleware/PreventRequestsDuringMaintenance.php(109): Illuminate\\Pipeline\\Pipeline->Illuminate\\Pipeline\\{closure}()
#46 /home/u187586491/domains/pixfacil.fun/public_html/vendor/laravel/framework/src/Illuminate/Pipeline/Pipeline.php(219): Illuminate\\Foundation\\Http\\Middleware\\PreventRequestsDuringMaintenance->handle()
#47 /home/u187586491/domains/pixfacil.fun/public_html/vendor/laravel/framework/src/Illuminate/Http/Middleware/HandleCors.php(61): Illuminate\\Pipeline\\Pipeline->Illuminate\\Pipeline\\{closure}()
#48 /home/u187586491/domains/pixfacil.fun/public_html/vendor/laravel/framework/src/Illuminate/Pipeline/Pipeline.php(219): Illuminate\\Http\\Middleware\\HandleCors->handle()
#49 /home/u187586491/domains/pixfacil.fun/public_html/app/Http/Middleware/SecurityHeaders.php(16): Illuminate\\Pipeline\\Pipeline->Illuminate\\Pipeline\\{closure}()
#50 /home/u187586491/domains/pixfacil.fun/public_html/vendor/laravel/framework/src/Illuminate/Pipeline/Pipeline.php(219): App\\Http\\Middleware\\SecurityHeaders->handle()
#51 /home/u187586491/domains/pixfacil.fun/public_html/vendor/laravel/framework/src/Illuminate/Http/Middleware/TrustProxies.php(58): Illuminate\\Pipeline\\Pipeline->Illuminate\\Pipeline\\{closure}()
#52 /home/u187586491/domains/pixfacil.fun/public_html/vendor/laravel/framework/src/Illuminate/Pipeline/Pipeline.php(219): Illuminate\\Http\\Middleware\\TrustProxies->handle()
#53 /home/u187586491/domains/pixfacil.fun/public_html/vendor/laravel/framework/src/Illuminate/Http/Middleware/TrustHosts.php(78): Illuminate\\Pipeline\\Pipeline->Illuminate\\Pipeline\\{closure}()
#54 /home/u187586491/domains/pixfacil.fun/public_html/vendor/laravel/framework/src/Illuminate/Pipeline/Pipeline.php(219): Illuminate\\Http\\Middleware\\TrustHosts->handle()
#55 /home/u187586491/domains/pixfacil.fun/public_html/vendor/laravel/framework/src/Illuminate/Pipeline/Pipeline.php(137): Illuminate\\Pipeline\\Pipeline->Illuminate\\Pipeline\\{closure}()
#56 /home/u187586491/domains/pixfacil.fun/public_html/vendor/laravel/framework/src/Illuminate/Foundation/Http/Kernel.php(175): Illuminate\\Pipeline\\Pipeline->then()
#57 /home/u187586491/domains/pixfacil.fun/public_html/vendor/laravel/framework/src/Illuminate/Foundation/Http/Kernel.php(144): Illuminate\\Foundation\\Http\\Kernel->sendRequestThroughRouter()
#58 /home/u187586491/domains/pixfacil.fun/public_html/bootstrap/front.php(51): Illuminate\\Foundation\\Http\\Kernel->handle()
#59 /home/u187586491/domains/pixfacil.fun/public_html/bootstrap/loader.php(5): require('/home/u18758649...')
#60 /home/u187586491/domains/pixfacil.fun/public_html/public/index.php(4): require('/home/u18758649...')
#61 {main}
"} 
[2026-09-04 13:31:10] production.ERROR: Secret is not set. {"exception":"[object] (Tymon\\JWTAuth\\Exceptions\\JWTException(code: 0): Secret is not set. at /home/u187586491/domains/pixfacil.fun/public_html/vendor/tymon/jwt-auth/src/Providers/JWT/Lcobucci.php:238)
[stacktrace]
#0 /home/u187586491/domains/pixfacil.fun/public_html/vendor/tymon/jwt-auth/src/Providers/JWT/Lcobucci.php(174): Tymon\\JWTAuth\\Providers\\JWT\\Lcobucci->getSigningKey()
#1 /home/u187586491/domains/pixfacil.fun/public_html/vendor/tymon/jwt-auth/src/Providers/JWT/Lcobucci.php(58): Tymon\\JWTAuth\\Providers\\JWT\\Lcobucci->buildConfig()
#2 /home/u187586491/domains/pixfacil.fun/public_html/vendor/tymon/jwt-auth/src/Providers/AbstractServiceProvider.php(167): Tymon\\JWTAuth\\Providers\\JWT\\Lcobucci->__construct()
#3 /home/u187586491/domains/pixfacil.fun/public_html/vendor/laravel/framework/src/Illuminate/Container/Container.php(1115): Tymon\\JWTAuth\\Providers\\AbstractServiceProvider->Tymon\\JWTAuth\\Providers\\{closure}()
#4 /home/u187586491/domains/pixfacil.fun/public_html/vendor/laravel/framework/src/Illuminate/Container/Container.php(933): Illuminate\\Container\\Container->build()
#5 /home/u187586491/domains/pixfacil.fun/public_html/vendor/laravel/framework/src/Illuminate/Foundation/Application.php(1078): Illuminate\\Container\\Container->resolve()
#6 /home/u187586491/domains/pixfacil.fun/public_html/vendor/laravel/framework/src/Illuminate/Container/Container.php(864): Illuminate\\Foundation\\Application->resolve()
#7 /home/u187586491/domains/pixfacil.fun/public_html/vendor/laravel/framework/src/Illuminate/Foundation/Application.php(1058): Illuminate\\Container\\Container->make()
#8 /home/u187586491/domains/pixfacil.fun/public_html/vendor/tymon/jwt-auth/src/Providers/AbstractServiceProvider.php(367): Illuminate\\Foundation\\Application->make()
#9 /home/u187586491/domains/pixfacil.fun/public_html/vendor/tymon/jwt-auth/src/Providers/AbstractServiceProvider.php(138): Tymon\\JWTAuth\\Providers\\AbstractServiceProvider->getConfigInstance()
#10 /home/u187586491/domains/pixfacil.fun/public_html/vendor/laravel/framework/src/Illuminate/Container/Container.php(1115): Tymon\\JWTAuth\\Providers\\AbstractServiceProvider->Tymon\\JWTAuth\\Providers\\{closure}()
#11 /home/u187586491/domains/pixfacil.fun/public_html/vendor/laravel/framework/src/Illuminate/Container/Container.php(933): Illuminate\\Container\\Container->build()
#12 /home/u187586491/domains/pixfacil.fun/public_html/vendor/laravel/framework/src/Illuminate/Foundation/Application.php(1078): Illuminate\\Container\\Container->resolve()
#13 /home/u187586491/domains/pixfacil.fun/public_html/vendor/laravel/framework/src/Illuminate/Container/Container.php(864): Illuminate\\Foundation\\Application->resolve()
#14 /home/u187586491/domains/pixfacil.fun/public_html/vendor/laravel/framework/src/Illuminate/Foundation/Application.php(1058): Illuminate\\Container\\Container->make()
#15 /home/u187586491/domains/pixfacil.fun/public_html/vendor/laravel/framework/src/Illuminate/Container/Container.php(1805): Illuminate\\Foundation\\Application->make()
#16 /home/u187586491/domains/pixfacil.fun/public_html/vendor/tymon/jwt-auth/src/Providers/AbstractServiceProvider.php(208): Illuminate\\Container\\Container->offsetGet()
#17 /home/u187586491/domains/pixfacil.fun/public_html/vendor/laravel/framework/src/Illuminate/Container/Container.php(1115): Tymon\\JWTAuth\\Providers\\AbstractServiceProvider->Tymon\\JWTAuth\\Providers\\{closure}()
#18 /home/u187586491/domains/pixfacil.fun/public_html/vendor/laravel/framework/src/Illuminate/Container/Container.php(933): Illuminate\\Container\\Container->build()
#19 /home/u187586491/domains/pixfacil.fun/public_html/vendor/laravel/framework/src/Illuminate/Foundation/Application.php(1078): Illuminate\\Container\\Container->resolve()
#20 /home/u187586491/domains/pixfacil.fun/public_html/vendor/laravel/framework/src/Illuminate/Container/Container.php(864): Illuminate\\Foundation\\Application->resolve()
#21 /home/u187586491/domains/pixfacil.fun/public_html/vendor/laravel/framework/src/Illuminate/Foundation/Application.php(1058): Illuminate\\Container\\Container->make()
#22 /home/u187586491/domains/pixfacil.fun/public_html/vendor/laravel/framework/src/Illuminate/Container/Container.php(1805): Illuminate\\Foundation\\Application->make()
#23 /home/u187586491/domains/pixfacil.fun/public_html/vendor/tymon/jwt-auth/src/Providers/AbstractServiceProvider.php(250): Illuminate\\Container\\Container->offsetGet()
#24 /home/u187586491/domains/pixfacil.fun/public_html/vendor/laravel/framework/src/Illuminate/Container/Container.php(1115): Tymon\\JWTAuth\\Providers\\AbstractServiceProvider->Tymon\\JWTAuth\\Providers\\{closure}()
#25 /home/u187586491/domains/pixfacil.fun/public_html/vendor/laravel/framework/src/Illuminate/Container/Container.php(933): Illuminate\\Container\\Container->build()
#26 /home/u187586491/domains/pixfacil.fun/public_html/vendor/laravel/framework/src/Illuminate/Foundation/Application.php(1078): Illuminate\\Container\\Container->resolve()
#27 /home/u187586491/domains/pixfacil.fun/public_html/vendor/laravel/framework/src/Illuminate/Container/Container.php(864): Illuminate\\Foundation\\Application->resolve()
#28 /home/u187586491/domains/pixfacil.fun/public_html/vendor/laravel/framework/src/Illuminate/Foundation/Application.php(1058): Illuminate\\Container\\Container->make()
#29 /home/u187586491/domains/pixfacil.fun/public_html/vendor/laravel/framework/src/Illuminate/Container/Container.php(1805): Illuminate\\Foundation\\Application->make()
#30 /home/u187586491/domains/pixfacil.fun/public_html/vendor/tymon/jwt-auth/src/Providers/AbstractServiceProvider.php(96): Illuminate\\Container\\Container->offsetGet()
#31 /home/u187586491/domains/pixfacil.fun/public_html/vendor/laravel/framework/src/Illuminate/Auth/AuthManager.php(112): Tymon\\JWTAuth\\Providers\\AbstractServiceProvider->Tymon\\JWTAuth\\Providers\\{closure}()
#32 /home/u187586491/domains/pixfacil.fun/public_html/vendor/laravel/framework/src/Illuminate/Auth/AuthManager.php(89): Illuminate\\Auth\\AuthManager->callCustomCreator()
#33 /home/u187586491/domains/pixfacil.fun/public_html/vendor/laravel/framework/src/Illuminate/Auth/AuthManager.php(69): Illuminate\\Auth\\AuthManager->resolve()
#34 /home/u187586491/domains/pixfacil.fun/public_html/vendor/laravel/framework/src/Illuminate/Foundation/helpers.php(180): Illuminate\\Auth\\AuthManager->guard()
#35 /home/u187586491/domains/pixfacil.fun/public_html/app/Http/Middleware/SetDefaultLanguage.php(16): auth()
#36 /home/u187586491/domains/pixfacil.fun/public_html/vendor/laravel/framework/src/Illuminate/Pipeline/Pipeline.php(219): App\\Http\\Middleware\\SetDefaultLanguage->handle()
#37 /home/u187586491/domains/pixfacil.fun/public_html/vendor/laravel/framework/src/Illuminate/Foundation/Http/Middleware/TransformsRequest.php(21): Illuminate\\Pipeline\\Pipeline->Illuminate\\Pipeline\\{closure}()
#38 /home/u187586491/domains/pixfacil.fun/public_html/vendor/laravel/framework/src/Illuminate/Foundation/Http/Middleware/ConvertEmptyStringsToNull.php(31): Illuminate\\Foundation\\Http\\Middleware\\TransformsRequest->handle()
#39 /home/u187586491/domains/pixfacil.fun/public_html/vendor/laravel/framework/src/Illuminate/Pipeline/Pipeline.php(219): Illuminate\\Foundation\\Http\\Middleware\\ConvertEmptyStringsToNull->handle()
#40 /home/u187586491/domains/pixfacil.fun/public_html/vendor/laravel/framework/src/Illuminate/Foundation/Http/Middleware/TransformsRequest.php(21): Illuminate\\Pipeline\\Pipeline->Illuminate\\Pipeline\\{closure}()
#41 /home/u187586491/domains/pixfacil.fun/public_html/vendor/laravel/framework/src/Illuminate/Foundation/Http/Middleware/TrimStrings.php(51): Illuminate\\Foundation\\Http\\Middleware\\TransformsRequest->handle()
#42 /home/u187586491/domains/pixfacil.fun/public_html/vendor/laravel/framework/src/Illuminate/Pipeline/Pipeline.php(219): Illuminate\\Foundation\\Http\\Middleware\\TrimStrings->handle()
#43 /home/u187586491/domains/pixfacil.fun/public_html/vendor/laravel/framework/src/Illuminate/Http/Middleware/ValidatePostSize.php(27): Illuminate\\Pipeline\\Pipeline->Illuminate\\Pipeline\\{closure}()
#44 /home/u187586491/domains/pixfacil.fun/public_html/vendor/laravel/framework/src/Illuminate/Pipeline/Pipeline.php(219): Illuminate\\Http\\Middleware\\ValidatePostSize->handle()
#45 /home/u187586491/domains/pixfacil.fun/public_html/vendor/laravel/framework/src/Illuminate/Foundation/Http/Middleware/PreventRequestsDuringMaintenance.php(109): Illuminate\\Pipeline\\Pipeline->Illuminate\\Pipeline\\{closure}()
#46 /home/u187586491/domains/pixfacil.fun/public_html/vendor/laravel/framework/src/Illuminate/Pipeline/Pipeline.php(219): Illuminate\\Foundation\\Http\\Middleware\\PreventRequestsDuringMaintenance->handle()
#47 /home/u187586491/domains/pixfacil.fun/public_html/vendor/laravel/framework/src/Illuminate/Http/Middleware/HandleCors.php(61): Illuminate\\Pipeline\\Pipeline->Illuminate\\Pipeline\\{closure}()
#48 /home/u187586491/domains/pixfacil.fun/public_html/vendor/laravel/framework/src/Illuminate/Pipeline/Pipeline.php(219): Illuminate\\Http\\Middleware\\HandleCors->handle()
#49 /home/u187586491/domains/pixfacil.fun/public_html/app/Http/Middleware/SecurityHeaders.php(16): Illuminate\\Pipeline\\Pipeline->Illuminate\\Pipeline\\{closure}()
#50 /home/u187586491/domains/pixfacil.fun/public_html/vendor/laravel/framework/src/Illuminate/Pipeline/Pipeline.php(219): App\\Http\\Middleware\\SecurityHeaders->handle()
#51 /home/u187586491/domains/pixfacil.fun/public_html/vendor/laravel/framework/src/Illuminate/Http/Middleware/TrustProxies.php(58): Illuminate\\Pipeline\\Pipeline->Illuminate\\Pipeline\\{closure}()
#52 /home/u187586491/domains/pixfacil.fun/public_html/vendor/laravel/framework/src/Illuminate/Pipeline/Pipeline.php(219): Illuminate\\Http\\Middleware\\TrustProxies->handle()
#53 /home/u187586491/domains/pixfacil.fun/public_html/vendor/laravel/framework/src/Illuminate/Http/Middleware/TrustHosts.php(78): Illuminate\\Pipeline\\Pipeline->Illuminate\\Pipeline\\{closure}()
#54 /home/u187586491/domains/pixfacil.fun/public_html/vendor/laravel/framework/src/Illuminate/Pipeline/Pipeline.php(219): Illuminate\\Http\\Middleware\\TrustHosts->handle()
#55 /home/u187586491/domains/pixfacil.fun/public_html/vendor/laravel/framework/src/Illuminate/Pipeline/Pipeline.php(137): Illuminate\\Pipeline\\Pipeline->Illuminate\\Pipeline\\{closure}()
#56 /home/u187586491/domains/pixfacil.fun/public_html/vendor/laravel/framework/src/Illuminate/Foundation/Http/Kernel.php(175): Illuminate\\Pipeline\\Pipeline->then()
#57 /home/u187586491/domains/pixfacil.fun/public_html/vendor/laravel/framework/src/Illuminate/Foundation/Http/Kernel.php(144): Illuminate\\Foundation\\Http\\Kernel->sendRequestThroughRouter()
#58 /home/u187586491/domains/pixfacil.fun/public_html/bootstrap/front.php(51): Illuminate\\Foundation\\Http\\Kernel->handle()
#59 /home/u187586491/domains/pixfacil.fun/public_html/bootstrap/loader.php(5): require('/home/u18758649...')
#60 /home/u187586491/domains/pixfacil.fun/public_html/public/index.php(4): require('/home/u18758649...')
#61 {main}
"} 
[2026-09-04 13:32:25] production.ERROR: Secret is not set. {"exception":"[object] (Tymon\\JWTAuth\\Exceptions\\JWTException(code: 0): Secret is not set. at /home/u187586491/domains/pixfacil.fun/public_html/vendor/tymon/jwt-auth/src/Providers/JWT/Lcobucci.php:238)
[stacktrace]
#0 /home/u187586491/domains/pixfacil.fun/public_html/vendor/tymon/jwt-auth/src/Providers/JWT/Lcobucci.php(174): Tymon\\JWTAuth\\Providers\\JWT\\Lcobucci->getSigningKey()
#1 /home/u187586491/domains/pixfacil.fun/public_html/vendor/tymon/jwt-auth/src/Providers/JWT/Lcobucci.php(58): Tymon\\JWTAuth\\Providers\\JWT\\Lcobucci->buildConfig()
#2 /home/u187586491/domains/pixfacil.fun/public_html/vendor/tymon/jwt-auth/src/Providers/AbstractServiceProvider.php(167): Tymon\\JWTAuth\\Providers\\JWT\\Lcobucci->__construct()
#3 /home/u187586491/domains/pixfacil.fun/public_html/vendor/laravel/framework/src/Illuminate/Container/Container.php(1115): Tymon\\JWTAuth\\Providers\\AbstractServiceProvider->Tymon\\JWTAuth\\Providers\\{closure}()
#4 /home/u187586491/domains/pixfacil.fun/public_html/vendor/laravel/framework/src/Illuminate/Container/Container.php(933): Illuminate\\Container\\Container->build()
#5 /home/u187586491/domains/pixfacil.fun/public_html/vendor/laravel/framework/src/Illuminate/Foundation/Application.php(1078): Illuminate\\Container\\Container->resolve()
#6 /home/u187586491/domains/pixfacil.fun/public_html/vendor/laravel/framework/src/Illuminate/Container/Container.php(864): Illuminate\\Foundation\\Application->resolve()
#7 /home/u187586491/domains/pixfacil.fun/public_html/vendor/laravel/framework/src/Illuminate/Foundation/Application.php(1058): Illuminate\\Container\\Container->make()
#8 /home/u187586491/domains/pixfacil.fun/public_html/vendor/tymon/jwt-auth/src/Providers/AbstractServiceProvider.php(367): Illuminate\\Foundation\\Application->make()
#9 /home/u187586491/domains/pixfacil.fun/public_html/vendor/tymon/jwt-auth/src/Providers/AbstractServiceProvider.php(138): Tymon\\JWTAuth\\Providers\\AbstractServiceProvider->getConfigInstance()
#10 /home/u187586491/domains/pixfacil.fun/public_html/vendor/laravel/framework/src/Illuminate/Container/Container.php(1115): Tymon\\JWTAuth\\Providers\\AbstractServiceProvider->Tymon\\JWTAuth\\Providers\\{closure}()
#11 /home/u187586491/domains/pixfacil.fun/public_html/vendor/laravel/framework/src/Illuminate/Container/Container.php(933): Illuminate\\Container\\Container->build()
#12 /home/u187586491/domains/pixfacil.fun/public_html/vendor/laravel/framework/src/Illuminate/Foundation/Application.php(1078): Illuminate\\Container\\Container->resolve()
#13 /home/u187586491/domains/pixfacil.fun/public_html/vendor/laravel/framework/src/Illuminate/Container/Container.php(864): Illuminate\\Foundation\\Application->resolve()
#14 /home/u187586491/domains/pixfacil.fun/public_html/vendor/laravel/framework/src/Illuminate/Foundation/Application.php(1058): Illuminate\\Container\\Container->make()
#15 /home/u187586491/domains/pixfacil.fun/public_html/vendor/laravel/framework/src/Illuminate/Container/Container.php(1805): Illuminate\\Foundation\\Application->make()
#16 /home/u187586491/domains/pixfacil.fun/public_html/vendor/tymon/jwt-auth/src/Providers/AbstractServiceProvider.php(208): Illuminate\\Container\\Container->offsetGet()
#17 /home/u187586491/domains/pixfacil.fun/public_html/vendor/laravel/framework/src/Illuminate/Container/Container.php(1115): Tymon\\JWTAuth\\Providers\\AbstractServiceProvider->Tymon\\JWTAuth\\Providers\\{closure}()
#18 /home/u187586491/domains/pixfacil.fun/public_html/vendor/laravel/framework/src/Illuminate/Container/Container.php(933): Illuminate\\Container\\Container->build()
#19 /home/u187586491/domains/pixfacil.fun/public_html/vendor/laravel/framework/src/Illuminate/Foundation/Application.php(1078): Illuminate\\Container\\Container->resolve()
#20 /home/u187586491/domains/pixfacil.fun/public_html/vendor/laravel/framework/src/Illuminate/Container/Container.php(864): Illuminate\\Foundation\\Application->resolve()
#21 /home/u187586491/domains/pixfacil.fun/public_html/vendor/laravel/framework/src/Illuminate/Foundation/Application.php(1058): Illuminate\\Container\\Container->make()
#22 /home/u187586491/domains/pixfacil.fun/public_html/vendor/laravel/framework/src/Illuminate/Container/Container.php(1805): Illuminate\\Foundation\\Application->make()
#23 /home/u187586491/domains/pixfacil.fun/public_html/vendor/tymon/jwt-auth/src/Providers/AbstractServiceProvider.php(250): Illuminate\\Container\\Container->offsetGet()
#24 /home/u187586491/domains/pixfacil.fun/public_html/vendor/laravel/framework/src/Illuminate/Container/Container.php(1115): Tymon\\JWTAuth\\Providers\\AbstractServiceProvider->Tymon\\JWTAuth\\Providers\\{closure}()
#25 /home/u187586491/domains/pixfacil.fun/public_html/vendor/laravel/framework/src/Illuminate/Container/Container.php(933): Illuminate\\Container\\Container->build()
#26 /home/u187586491/domains/pixfacil.fun/public_html/vendor/laravel/framework/src/Illuminate/Foundation/Application.php(1078): Illuminate\\Container\\Container->resolve()
#27 /home/u187586491/domains/pixfacil.fun/public_html/vendor/laravel/framework/src/Illuminate/Container/Container.php(864): Illuminate\\Foundation\\Application->resolve()
#28 /home/u187586491/domains/pixfacil.fun/public_html/vendor/laravel/framework/src/Illuminate/Foundation/Application.php(1058): Illuminate\\Container\\Container->make()
#29 /home/u187586491/domains/pixfacil.fun/public_html/vendor/laravel/framework/src/Illuminate/Container/Container.php(1805): Illuminate\\Foundation\\Application->make()
#30 /home/u187586491/domains/pixfacil.fun/public_html/vendor/tymon/jwt-auth/src/Providers/AbstractServiceProvider.php(96): Illuminate\\Container\\Container->offsetGet()
#31 /home/u187586491/domains/pixfacil.fun/public_html/vendor/laravel/framework/src/Illuminate/Auth/AuthManager.php(112): Tymon\\JWTAuth\\Providers\\AbstractServiceProvider->Tymon\\JWTAuth\\Providers\\{closure}()
#32 /home/u187586491/domains/pixfacil.fun/public_html/vendor/laravel/framework/src/Illuminate/Auth/AuthManager.php(89): Illuminate\\Auth\\AuthManager->callCustomCreator()
#33 /home/u187586491/domains/pixfacil.fun/public_html/vendor/laravel/framework/src/Illuminate/Auth/AuthManager.php(69): Illuminate\\Auth\\AuthManager->resolve()
#34 /home/u187586491/domains/pixfacil.fun/public_html/vendor/laravel/framework/src/Illuminate/Foundation/helpers.php(180): Illuminate\\Auth\\AuthManager->guard()
#35 /home/u187586491/domains/pixfacil.fun/public_html/app/Http/Middleware/SetDefaultLanguage.php(16): auth()
#36 /home/u187586491/domains/pixfacil.fun/public_html/vendor/laravel/framework/src/Illuminate/Pipeline/Pipeline.php(219): App\\Http\\Middleware\\SetDefaultLanguage->handle()
#37 /home/u187586491/domains/pixfacil.fun/public_html/vendor/laravel/framework/src/Illuminate/Foundation/Http/Middleware/TransformsRequest.php(21): Illuminate\\Pipeline\\Pipeline->Illuminate\\Pipeline\\{closure}()
#38 /home/u187586491/domains/pixfacil.fun/public_html/vendor/laravel/framework/src/Illuminate/Foundation/Http/Middleware/ConvertEmptyStringsToNull.php(31): Illuminate\\Foundation\\Http\\Middleware\\TransformsRequest->handle()
#39 /home/u187586491/domains/pixfacil.fun/public_html/vendor/laravel/framework/src/Illuminate/Pipeline/Pipeline.php(219): Illuminate\\Foundation\\Http\\Middleware\\ConvertEmptyStringsToNull->handle()
#40 /home/u187586491/domains/pixfacil.fun/public_html/vendor/laravel/framework/src/Illuminate/Foundation/Http/Middleware/TransformsRequest.php(21): Illuminate\\Pipeline\\Pipeline->Illuminate\\Pipeline\\{closure}()
#41 /home/u187586491/domains/pixfacil.fun/public_html/vendor/laravel/framework/src/Illuminate/Foundation/Http/Middleware/TrimStrings.php(51): Illuminate\\Foundation\\Http\\Middleware\\TransformsRequest->handle()
#42 /home/u187586491/domains/pixfacil.fun/public_html/vendor/laravel/framework/src/Illuminate/Pipeline/Pipeline.php(219): Illuminate\\Foundation\\Http\\Middleware\\TrimStrings->handle()
#43 /home/u187586491/domains/pixfacil.fun/public_html/vendor/laravel/framework/src/Illuminate/Http/Middleware/ValidatePostSize.php(27): Illuminate\\Pipeline\\Pipeline->Illuminate\\Pipeline\\{closure}()
#44 /home/u187586491/domains/pixfacil.fun/public_html/vendor/laravel/framework/src/Illuminate/Pipeline/Pipeline.php(219): Illuminate\\Http\\Middleware\\ValidatePostSize->handle()
#45 /home/u187586491/domains/pixfacil.fun/public_html/vendor/laravel/framework/src/Illuminate/Foundation/Http/Middleware/PreventRequestsDuringMaintenance.php(109): Illuminate\\Pipeline\\Pipeline->Illuminate\\Pipeline\\{closure}()
#46 /home/u187586491/domains/pixfacil.fun/public_html/vendor/laravel/framework/src/Illuminate/Pipeline/Pipeline.php(219): Illuminate\\Foundation\\Http\\Middleware\\PreventRequestsDuringMaintenance->handle()
#47 /home/u187586491/domains/pixfacil.fun/public_html/vendor/laravel/framework/src/Illuminate/Http/Middleware/HandleCors.php(61): Illuminate\\Pipeline\\Pipeline->Illuminate\\Pipeline\\{closure}()
#48 /home/u187586491/domains/pixfacil.fun/public_html/vendor/laravel/framework/src/Illuminate/Pipeline/Pipeline.php(219): Illuminate\\Http\\Middleware\\HandleCors->handle()
#49 /home/u187586491/domains/pixfacil.fun/public_html/app/Http/Middleware/SecurityHeaders.php(16): Illuminate\\Pipeline\\Pipeline->Illuminate\\Pipeline\\{closure}()
#50 /home/u187586491/domains/pixfacil.fun/public_html/vendor/laravel/framework/src/Illuminate/Pipeline/Pipeline.php(219): App\\Http\\Middleware\\SecurityHeaders->handle()
#51 /home/u187586491/domains/pixfacil.fun/public_html/vendor/laravel/framework/src/Illuminate/Http/Middleware/TrustProxies.php(58): Illuminate\\Pipeline\\Pipeline->Illuminate\\Pipeline\\{closure}()
#52 /home/u187586491/domains/pixfacil.fun/public_html/vendor/laravel/framework/src/Illuminate/Pipeline/Pipeline.php(219): Illuminate\\Http\\Middleware\\TrustProxies->handle()
#53 /home/u187586491/domains/pixfacil.fun/public_html/vendor/laravel/framework/src/Illuminate/Http/Middleware/TrustHosts.php(78): Illuminate\\Pipeline\\Pipeline->Illuminate\\Pipeline\\{closure}()
#54 /home/u187586491/domains/pixfacil.fun/public_html/vendor/laravel/framework/src/Illuminate/Pipeline/Pipeline.php(219): Illuminate\\Http\\Middleware\\TrustHosts->handle()
#55 /home/u187586491/domains/pixfacil.fun/public_html/vendor/laravel/framework/src/Illuminate/Pipeline/Pipeline.php(137): Illuminate\\Pipeline\\Pipeline->Illuminate\\Pipeline\\{closure}()
#56 /home/u187586491/domains/pixfacil.fun/public_html/vendor/laravel/framework/src/Illuminate/Foundation/Http/Kernel.php(175): Illuminate\\Pipeline\\Pipeline->then()
#57 /home/u187586491/domains/pixfacil.fun/public_html/vendor/laravel/framework/src/Illuminate/Foundation/Http/Kernel.php(144): Illuminate\\Foundation\\Http\\Kernel->sendRequestThroughRouter()
#58 /home/u187586491/domains/pixfacil.fun/public_html/bootstrap/front.php(51): Illuminate\\Foundation\\Http\\Kernel->handle()
#59 /home/u187586491/domains/pixfacil.fun/public_html/bootstrap/loader.php(5): require('/home/u18758649...')
#60 /home/u187586491/domains/pixfacil.fun/public_html/public/index.php(4): require('/home/u18758649...')
#61 {main}
"} 
[2026-09-04 13:32:28] production.ERROR: Secret is not set. {"exception":"[object] (Tymon\\JWTAuth\\Exceptions\\JWTException(code: 0): Secret is not set. at /home/u187586491/domains/pixfacil.fun/public_html/vendor/tymon/jwt-auth/src/Providers/JWT/Lcobucci.php:238)
[stacktrace]
#0 /home/u187586491/domains/pixfacil.fun/public_html/vendor/tymon/jwt-auth/src/Providers/JWT/Lcobucci.php(174): Tymon\\JWTAuth\\Providers\\JWT\\Lcobucci->getSigningKey()
#1 /home/u187586491/domains/pixfacil.fun/public_html/vendor/tymon/jwt-auth/src/Providers/JWT/Lcobucci.php(58): Tymon\\JWTAuth\\Providers\\JWT\\Lcobucci->buildConfig()
#2 /home/u187586491/domains/pixfacil.fun/public_html/vendor/tymon/jwt-auth/src/Providers/AbstractServiceProvider.php(167): Tymon\\JWTAuth\\Providers\\JWT\\Lcobucci->__construct()
#3 /home/u187586491/domains/pixfacil.fun/public_html/vendor/laravel/framework/src/Illuminate/Container/Container.php(1115): Tymon\\JWTAuth\\Providers\\AbstractServiceProvider->Tymon\\JWTAuth\\Providers\\{closure}()
#4 /home/u187586491/domains/pixfacil.fun/public_html/vendor/laravel/framework/src/Illuminate/Container/Container.php(933): Illuminate\\Container\\Container->build()
#5 /home/u187586491/domains/pixfacil.fun/public_html/vendor/laravel/framework/src/Illuminate/Foundation/Application.php(1078): Illuminate\\Container\\Container->resolve()
#6 /home/u187586491/domains/pixfacil.fun/public_html/vendor/laravel/framework/src/Illuminate/Container/Container.php(864): Illuminate\\Foundation\\Application->resolve()
#7 /home/u187586491/domains/pixfacil.fun/public_html/vendor/laravel/framework/src/Illuminate/Foundation/Application.php(1058): Illuminate\\Container\\Container->make()
#8 /home/u187586491/domains/pixfacil.fun/public_html/vendor/tymon/jwt-auth/src/Providers/AbstractServiceProvider.php(367): Illuminate\\Foundation\\Application->make()
#9 /home/u187586491/domains/pixfacil.fun/public_html/vendor/tymon/jwt-auth/src/Providers/AbstractServiceProvider.php(138): Tymon\\JWTAuth\\Providers\\AbstractServiceProvider->getConfigInstance()
#10 /home/u187586491/domains/pixfacil.fun/public_html/vendor/laravel/framework/src/Illuminate/Container/Container.php(1115): Tymon\\JWTAuth\\Providers\\AbstractServiceProvider->Tymon\\JWTAuth\\Providers\\{closure}()
#11 /home/u187586491/domains/pixfacil.fun/public_html/vendor/laravel/framework/src/Illuminate/Container/Container.php(933): Illuminate\\Container\\Container->build()
#12 /home/u187586491/domains/pixfacil.fun/public_html/vendor/laravel/framework/src/Illuminate/Foundation/Application.php(1078): Illuminate\\Container\\Container->resolve()
#13 /home/u187586491/domains/pixfacil.fun/public_html/vendor/laravel/framework/src/Illuminate/Container/Container.php(864): Illuminate\\Foundation\\Application->resolve()
#14 /home/u187586491/domains/pixfacil.fun/public_html/vendor/laravel/framework/src/Illuminate/Foundation/Application.php(1058): Illuminate\\Container\\Container->make()
#15 /home/u187586491/domains/pixfacil.fun/public_html/vendor/laravel/framework/src/Illuminate/Container/Container.php(1805): Illuminate\\Foundation\\Application->make()
#16 /home/u187586491/domains/pixfacil.fun/public_html/vendor/tymon/jwt-auth/src/Providers/AbstractServiceProvider.php(208): Illuminate\\Container\\Container->offsetGet()
#17 /home/u187586491/domains/pixfacil.fun/public_html/vendor/laravel/framework/src/Illuminate/Container/Container.php(1115): Tymon\\JWTAuth\\Providers\\AbstractServiceProvider->Tymon\\JWTAuth\\Providers\\{closure}()
#18 /home/u187586491/domains/pixfacil.fun/public_html/vendor/laravel/framework/src/Illuminate/Container/Container.php(933): Illuminate\\Container\\Container->build()
#19 /home/u187586491/domains/pixfacil.fun/public_html/vendor/laravel/framework/src/Illuminate/Foundation/Application.php(1078): Illuminate\\Container\\Container->resolve()
#20 /home/u187586491/domains/pixfacil.fun/public_html/vendor/laravel/framework/src/Illuminate/Container/Container.php(864): Illuminate\\Foundation\\Application->resolve()
#21 /home/u187586491/domains/pixfacil.fun/public_html/vendor/laravel/framework/src/Illuminate/Foundation/Application.php(1058): Illuminate\\Container\\Container->make()
#22 /home/u187586491/domains/pixfacil.fun/public_html/vendor/laravel/framework/src/Illuminate/Container/Container.php(1805): Illuminate\\Foundation\\Application->make()
#23 /home/u187586491/domains/pixfacil.fun/public_html/vendor/tymon/jwt-auth/src/Providers/AbstractServiceProvider.php(250): Illuminate\\Container\\Container->offsetGet()
#24 /home/u187586491/domains/pixfacil.fun/public_html/vendor/laravel/framework/src/Illuminate/Container/Container.php(1115): Tymon\\JWTAuth\\Providers\\AbstractServiceProvider->Tymon\\JWTAuth\\Providers\\{closure}()
#25 /home/u187586491/domains/pixfacil.fun/public_html/vendor/laravel/framework/src/Illuminate/Container/Container.php(933): Illuminate\\Container\\Container->build()
#26 /home/u187586491/domains/pixfacil.fun/public_html/vendor/laravel/framework/src/Illuminate/Foundation/Application.php(1078): Illuminate\\Container\\Container->resolve()
#27 /home/u187586491/domains/pixfacil.fun/public_html/vendor/laravel/framework/src/Illuminate/Container/Container.php(864): Illuminate\\Foundation\\Application->resolve()
#28 /home/u187586491/domains/pixfacil.fun/public_html/vendor/laravel/framework/src/Illuminate/Foundation/Application.php(1058): Illuminate\\Container\\Container->make()
#29 /home/u187586491/domains/pixfacil.fun/public_html/vendor/laravel/framework/src/Illuminate/Container/Container.php(1805): Illuminate\\Foundation\\Application->make()
#30 /home/u187586491/domains/pixfacil.fun/public_html/vendor/tymon/jwt-auth/src/Providers/AbstractServiceProvider.php(96): Illuminate\\Container\\Container->offsetGet()
#31 /home/u187586491/domains/pixfacil.fun/public_html/vendor/laravel/framework/src/Illuminate/Auth/AuthManager.php(112): Tymon\\JWTAuth\\Providers\\AbstractServiceProvider->Tymon\\JWTAuth\\Providers\\{closure}()
#32 /home/u187586491/domains/pixfacil.fun/public_html/vendor/laravel/framework/src/Illuminate/Auth/AuthManager.php(89): Illuminate\\Auth\\AuthManager->callCustomCreator()
#33 /home/u187586491/domains/pixfacil.fun/public_html/vendor/laravel/framework/src/Illuminate/Auth/AuthManager.php(69): Illuminate\\Auth\\AuthManager->resolve()
#34 /home/u187586491/domains/pixfacil.fun/public_html/vendor/laravel/framework/src/Illuminate/Foundation/helpers.php(180): Illuminate\\Auth\\AuthManager->guard()
#35 /home/u187586491/domains/pixfacil.fun/public_html/app/Http/Middleware/SetDefaultLanguage.php(16): auth()
#36 /home/u187586491/domains/pixfacil.fun/public_html/vendor/laravel/framework/src/Illuminate/Pipeline/Pipeline.php(219): App\\Http\\Middleware\\SetDefaultLanguage->handle()
#37 /home/u187586491/domains/pixfacil.fun/public_html/vendor/laravel/framework/src/Illuminate/Foundation/Http/Middleware/TransformsRequest.php(21): Illuminate\\Pipeline\\Pipeline->Illuminate\\Pipeline\\{closure}()
#38 /home/u187586491/domains/pixfacil.fun/public_html/vendor/laravel/framework/src/Illuminate/Foundation/Http/Middleware/ConvertEmptyStringsToNull.php(31): Illuminate\\Foundation\\Http\\Middleware\\TransformsRequest->handle()
#39 /home/u187586491/domains/pixfacil.fun/public_html/vendor/laravel/framework/src/Illuminate/Pipeline/Pipeline.php(219): Illuminate\\Foundation\\Http\\Middleware\\ConvertEmptyStringsToNull->handle()
#40 /home/u187586491/domains/pixfacil.fun/public_html/vendor/laravel/framework/src/Illuminate/Foundation/Http/Middleware/TransformsRequest.php(21): Illuminate\\Pipeline\\Pipeline->Illuminate\\Pipeline\\{closure}()
#41 /home/u187586491/domains/pixfacil.fun/public_html/vendor/laravel/framework/src/Illuminate/Foundation/Http/Middleware/TrimStrings.php(51): Illuminate\\Foundation\\Http\\Middleware\\TransformsRequest->handle()
#42 /home/u187586491/domains/pixfacil.fun/public_html/vendor/laravel/framework/src/Illuminate/Pipeline/Pipeline.php(219): Illuminate\\Foundation\\Http\\Middleware\\TrimStrings->handle()
#43 /home/u187586491/domains/pixfacil.fun/public_html/vendor/laravel/framework/src/Illuminate/Http/Middleware/ValidatePostSize.php(27): Illuminate\\Pipeline\\Pipeline->Illuminate\\Pipeline\\{closure}()
#44 /home/u187586491/domains/pixfacil.fun/public_html/vendor/laravel/framework/src/Illuminate/Pipeline/Pipeline.php(219): Illuminate\\Http\\Middleware\\ValidatePostSize->handle()
#45 /home/u187586491/domains/pixfacil.fun/public_html/vendor/laravel/framework/src/Illuminate/Foundation/Http/Middleware/PreventRequestsDuringMaintenance.php(109): Illuminate\\Pipeline\\Pipeline->Illuminate\\Pipeline\\{closure}()
#46 /home/u187586491/domains/pixfacil.fun/public_html/vendor/laravel/framework/src/Illuminate/Pipeline/Pipeline.php(219): Illuminate\\Foundation\\Http\\Middleware\\PreventRequestsDuringMaintenance->handle()
#47 /home/u187586491/domains/pixfacil.fun/public_html/vendor/laravel/framework/src/Illuminate/Http/Middleware/HandleCors.php(61): Illuminate\\Pipeline\\Pipeline->Illuminate\\Pipeline\\{closure}()
#48 /home/u187586491/domains/pixfacil.fun/public_html/vendor/laravel/framework/src/Illuminate/Pipeline/Pipeline.php(219): Illuminate\\Http\\Middleware\\HandleCors->handle()
#49 /home/u187586491/domains/pixfacil.fun/public_html/app/Http/Middleware/SecurityHeaders.php(16): Illuminate\\Pipeline\\Pipeline->Illuminate\\Pipeline\\{closure}()
#50 /home/u187586491/domains/pixfacil.fun/public_html/vendor/laravel/framework/src/Illuminate/Pipeline/Pipeline.php(219): App\\Http\\Middleware\\SecurityHeaders->handle()
#51 /home/u187586491/domains/pixfacil.fun/public_html/vendor/laravel/framework/src/Illuminate/Http/Middleware/TrustProxies.php(58): Illuminate\\Pipeline\\Pipeline->Illuminate\\Pipeline\\{closure}()
#52 /home/u187586491/domains/pixfacil.fun/public_html/vendor/laravel/framework/src/Illuminate/Pipeline/Pipeline.php(219): Illuminate\\Http\\Middleware\\TrustProxies->handle()
#53 /home/u187586491/domains/pixfacil.fun/public_html/vendor/laravel/framework/src/Illuminate/Http/Middleware/TrustHosts.php(78): Illuminate\\Pipeline\\Pipeline->Illuminate\\Pipeline\\{closure}()
#54 /home/u187586491/domains/pixfacil.fun/public_html/vendor/laravel/framework/src/Illuminate/Pipeline/Pipeline.php(219): Illuminate\\Http\\Middleware\\TrustHosts->handle()
#55 /home/u187586491/domains/pixfacil.fun/public_html/vendor/laravel/framework/src/Illuminate/Pipeline/Pipeline.php(137): Illuminate\\Pipeline\\Pipeline->Illuminate\\Pipeline\\{closure}()
#56 /home/u187586491/domains/pixfacil.fun/public_html/vendor/laravel/framework/src/Illuminate/Foundation/Http/Kernel.php(175): Illuminate\\Pipeline\\Pipeline->then()
#57 /home/u187586491/domains/pixfacil.fun/public_html/vendor/laravel/framework/src/Illuminate/Foundation/Http/Kernel.php(144): Illuminate\\Foundation\\Http\\Kernel->sendRequestThroughRouter()
#58 /home/u187586491/domains/pixfacil.fun/public_html/bootstrap/front.php(51): Illuminate\\Foundation\\Http\\Kernel->handle()
#59 /home/u187586491/domains/pixfacil.fun/public_html/bootstrap/loader.php(5): require('/home/u18758649...')
#60 /home/u187586491/domains/pixfacil.fun/public_html/public/index.php(4): require('/home/u18758649...')
#61 {main}
"} 
[2026-09-04 13:33:33] production.ERROR: Secret is not set. {"exception":"[object] (Tymon\\JWTAuth\\Exceptions\\JWTException(code: 0): Secret is not set. at /home/u187586491/domains/pixfacil.fun/public_html/vendor/tymon/jwt-auth/src/Providers/JWT/Lcobucci.php:238)
[stacktrace]
#0 /home/u187586491/domains/pixfacil.fun/public_html/vendor/tymon/jwt-auth/src/Providers/JWT/Lcobucci.php(174): Tymon\\JWTAuth\\Providers\\JWT\\Lcobucci->getSigningKey()
#1 /home/u187586491/domains/pixfacil.fun/public_html/vendor/tymon/jwt-auth/src/Providers/JWT/Lcobucci.php(58): Tymon\\JWTAuth\\Providers\\JWT\\Lcobucci->buildConfig()
#2 /home/u187586491/domains/pixfacil.fun/public_html/vendor/tymon/jwt-auth/src/Providers/AbstractServiceProvider.php(167): Tymon\\JWTAuth\\Providers\\JWT\\Lcobucci->__construct()
#3 /home/u187586491/domains/pixfacil.fun/public_html/vendor/laravel/framework/src/Illuminate/Container/Container.php(1115): Tymon\\JWTAuth\\Providers\\AbstractServiceProvider->Tymon\\JWTAuth\\Providers\\{closure}()
#4 /home/u187586491/domains/pixfacil.fun/public_html/vendor/laravel/framework/src/Illuminate/Container/Container.php(933): Illuminate\\Container\\Container->build()
#5 /home/u187586491/domains/pixfacil.fun/public_html/vendor/laravel/framework/src/Illuminate/Foundation/Application.php(1078): Illuminate\\Container\\Container->resolve()
#6 /home/u187586491/domains/pixfacil.fun/public_html/vendor/laravel/framework/src/Illuminate/Container/Container.php(864): Illuminate\\Foundation\\Application->resolve()
#7 /home/u187586491/domains/pixfacil.fun/public_html/vendor/laravel/framework/src/Illuminate/Foundation/Application.php(1058): Illuminate\\Container\\Container->make()
#8 /home/u187586491/domains/pixfacil.fun/public_html/vendor/tymon/jwt-auth/src/Providers/AbstractServiceProvider.php(367): Illuminate\\Foundation\\Application->make()
#9 /home/u187586491/domains/pixfacil.fun/public_html/vendor/tymon/jwt-auth/src/Providers/AbstractServiceProvider.php(138): Tymon\\JWTAuth\\Providers\\AbstractServiceProvider->getConfigInstance()
#10 /home/u187586491/domains/pixfacil.fun/public_html/vendor/laravel/framework/src/Illuminate/Container/Container.php(1115): Tymon\\JWTAuth\\Providers\\AbstractServiceProvider->Tymon\\JWTAuth\\Providers\\{closure}()
#11 /home/u187586491/domains/pixfacil.fun/public_html/vendor/laravel/framework/src/Illuminate/Container/Container.php(933): Illuminate\\Container\\Container->build()
#12 /home/u187586491/domains/pixfacil.fun/public_html/vendor/laravel/framework/src/Illuminate/Foundation/Application.php(1078): Illuminate\\Container\\Container->resolve()
#13 /home/u187586491/domains/pixfacil.fun/public_html/vendor/laravel/framework/src/Illuminate/Container/Container.php(864): Illuminate\\Foundation\\Application->resolve()
#14 /home/u187586491/domains/pixfacil.fun/public_html/vendor/laravel/framework/src/Illuminate/Foundation/Application.php(1058): Illuminate\\Container\\Container->make()
#15 /home/u187586491/domains/pixfacil.fun/public_html/vendor/laravel/framework/src/Illuminate/Container/Container.php(1805): Illuminate\\Foundation\\Application->make()
#16 /home/u187586491/domains/pixfacil.fun/public_html/vendor/tymon/jwt-auth/src/Providers/AbstractServiceProvider.php(208): Illuminate\\Container\\Container->offsetGet()
#17 /home/u187586491/domains/pixfacil.fun/public_html/vendor/laravel/framework/src/Illuminate/Container/Container.php(1115): Tymon\\JWTAuth\\Providers\\AbstractServiceProvider->Tymon\\JWTAuth\\Providers\\{closure}()
#18 /home/u187586491/domains/pixfacil.fun/public_html/vendor/laravel/framework/src/Illuminate/Container/Container.php(933): Illuminate\\Container\\Container->build()
#19 /home/u187586491/domains/pixfacil.fun/public_html/vendor/laravel/framework/src/Illuminate/Foundation/Application.php(1078): Illuminate\\Container\\Container->resolve()
#20 /home/u187586491/domains/pixfacil.fun/public_html/vendor/laravel/framework/src/Illuminate/Container/Container.php(864): Illuminate\\Foundation\\Application->resolve()
#21 /home/u187586491/domains/pixfacil.fun/public_html/vendor/laravel/framework/src/Illuminate/Foundation/Application.php(1058): Illuminate\\Container\\Container->make()
#22 /home/u187586491/domains/pixfacil.fun/public_html/vendor/laravel/framework/src/Illuminate/Container/Container.php(1805): Illuminate\\Foundation\\Application->make()
#23 /home/u187586491/domains/pixfacil.fun/public_html/vendor/tymon/jwt-auth/src/Providers/AbstractServiceProvider.php(250): Illuminate\\Container\\Container->offsetGet()
#24 /home/u187586491/domains/pixfacil.fun/public_html/vendor/laravel/framework/src/Illuminate/Container/Container.php(1115): Tymon\\JWTAuth\\Providers\\AbstractServiceProvider->Tymon\\JWTAuth\\Providers\\{closure}()
#25 /home/u187586491/domains/pixfacil.fun/public_html/vendor/laravel/framework/src/Illuminate/Container/Container.php(933): Illuminate\\Container\\Container->build()
#26 /home/u187586491/domains/pixfacil.fun/public_html/vendor/laravel/framework/src/Illuminate/Foundation/Application.php(1078): Illuminate\\Container\\Container->resolve()
#27 /home/u187586491/domains/pixfacil.fun/public_html/vendor/laravel/framework/src/Illuminate/Container/Container.php(864): Illuminate\\Foundation\\Application->resolve()
#28 /home/u187586491/domains/pixfacil.fun/public_html/vendor/laravel/framework/src/Illuminate/Foundation/Application.php(1058): Illuminate\\Container\\Container->make()
#29 /home/u187586491/domains/pixfacil.fun/public_html/vendor/laravel/framework/src/Illuminate/Container/Container.php(1805): Illuminate\\Foundation\\Application->make()
#30 /home/u187586491/domains/pixfacil.fun/public_html/vendor/tymon/jwt-auth/src/Providers/AbstractServiceProvider.php(96): Illuminate\\Container\\Container->offsetGet()
#31 /home/u187586491/domains/pixfacil.fun/public_html/vendor/laravel/framework/src/Illuminate/Auth/AuthManager.php(112): Tymon\\JWTAuth\\Providers\\AbstractServiceProvider->Tymon\\JWTAuth\\Providers\\{closure}()
#32 /home/u187586491/domains/pixfacil.fun/public_html/vendor/laravel/framework/src/Illuminate/Auth/AuthManager.php(89): Illuminate\\Auth\\AuthManager->callCustomCreator()
#33 /home/u187586491/domains/pixfacil.fun/public_html/vendor/laravel/framework/src/Illuminate/Auth/AuthManager.php(69): Illuminate\\Auth\\AuthManager->resolve()
#34 /home/u187586491/domains/pixfacil.fun/public_html/vendor/laravel/framework/src/Illuminate/Foundation/helpers.php(180): Illuminate\\Auth\\AuthManager->guard()
#35 /home/u187586491/domains/pixfacil.fun/public_html/app/Http/Middleware/SetDefaultLanguage.php(16): auth()
#36 /home/u187586491/domains/pixfacil.fun/public_html/vendor/laravel/framework/src/Illuminate/Pipeline/Pipeline.php(219): App\\Http\\Middleware\\SetDefaultLanguage->handle()
#37 /home/u187586491/domains/pixfacil.fun/public_html/vendor/laravel/framework/src/Illuminate/Foundation/Http/Middleware/TransformsRequest.php(21): Illuminate\\Pipeline\\Pipeline->Illuminate\\Pipeline\\{closure}()
#38 /home/u187586491/domains/pixfacil.fun/public_html/vendor/laravel/framework/src/Illuminate/Foundation/Http/Middleware/ConvertEmptyStringsToNull.php(31): Illuminate\\Foundation\\Http\\Middleware\\TransformsRequest->handle()
#39 /home/u187586491/domains/pixfacil.fun/public_html/vendor/laravel/framework/src/Illuminate/Pipeline/Pipeline.php(219): Illuminate\\Foundation\\Http\\Middleware\\ConvertEmptyStringsToNull->handle()
#40 /home/u187586491/domains/pixfacil.fun/public_html/vendor/laravel/framework/src/Illuminate/Foundation/Http/Middleware/TransformsRequest.php(21): Illuminate\\Pipeline\\Pipeline->Illuminate\\Pipeline\\{closure}()
#41 /home/u187586491/domains/pixfacil.fun/public_html/vendor/laravel/framework/src/Illuminate/Foundation/Http/Middleware/TrimStrings.php(51): Illuminate\\Foundation\\Http\\Middleware\\TransformsRequest->handle()
#42 /home/u187586491/domains/pixfacil.fun/public_html/vendor/laravel/framework/src/Illuminate/Pipeline/Pipeline.php(219): Illuminate\\Foundation\\Http\\Middleware\\TrimStrings->handle()
#43 /home/u187586491/domains/pixfacil.fun/public_html/vendor/laravel/framework/src/Illuminate/Http/Middleware/ValidatePostSize.php(27): Illuminate\\Pipeline\\Pipeline->Illuminate\\Pipeline\\{closure}()
#44 /home/u187586491/domains/pixfacil.fun/public_html/vendor/laravel/framework/src/Illuminate/Pipeline/Pipeline.php(219): Illuminate\\Http\\Middleware\\ValidatePostSize->handle()
#45 /home/u187586491/domains/pixfacil.fun/public_html/vendor/laravel/framework/src/Illuminate/Foundation/Http/Middleware/PreventRequestsDuringMaintenance.php(109): Illuminate\\Pipeline\\Pipeline->Illuminate\\Pipeline\\{closure}()
#46 /home/u187586491/domains/pixfacil.fun/public_html/vendor/laravel/framework/src/Illuminate/Pipeline/Pipeline.php(219): Illuminate\\Foundation\\Http\\Middleware\\PreventRequestsDuringMaintenance->handle()
#47 /home/u187586491/domains/pixfacil.fun/public_html/vendor/laravel/framework/src/Illuminate/Http/Middleware/HandleCors.php(61): Illuminate\\Pipeline\\Pipeline->Illuminate\\Pipeline\\{closure}()
#48 /home/u187586491/domains/pixfacil.fun/public_html/vendor/laravel/framework/src/Illuminate/Pipeline/Pipeline.php(219): Illuminate\\Http\\Middleware\\HandleCors->handle()
#49 /home/u187586491/domains/pixfacil.fun/public_html/app/Http/Middleware/SecurityHeaders.php(16): Illuminate\\Pipeline\\Pipeline->Illuminate\\Pipeline\\{closure}()
#50 /home/u187586491/domains/pixfacil.fun/public_html/vendor/laravel/framework/src/Illuminate/Pipeline/Pipeline.php(219): App\\Http\\Middleware\\SecurityHeaders->handle()
#51 /home/u187586491/domains/pixfacil.fun/public_html/vendor/laravel/framework/src/Illuminate/Http/Middleware/TrustProxies.php(58): Illuminate\\Pipeline\\Pipeline->Illuminate\\Pipeline\\{closure}()
#52 /home/u187586491/domains/pixfacil.fun/public_html/vendor/laravel/framework/src/Illuminate/Pipeline/Pipeline.php(219): Illuminate\\Http\\Middleware\\TrustProxies->handle()
#53 /home/u187586491/domains/pixfacil.fun/public_html/vendor/laravel/framework/src/Illuminate/Http/Middleware/TrustHosts.php(78): Illuminate\\Pipeline\\Pipeline->Illuminate\\Pipeline\\{closure}()
#54 /home/u187586491/domains/pixfacil.fun/public_html/vendor/laravel/framework/src/Illuminate/Pipeline/Pipeline.php(219): Illuminate\\Http\\Middleware\\TrustHosts->handle()
#55 /home/u187586491/domains/pixfacil.fun/public_html/vendor/laravel/framework/src/Illuminate/Pipeline/Pipeline.php(137): Illuminate\\Pipeline\\Pipeline->Illuminate\\Pipeline\\{closure}()
#56 /home/u187586491/domains/pixfacil.fun/public_html/vendor/laravel/framework/src/Illuminate/Foundation/Http/Kernel.php(175): Illuminate\\Pipeline\\Pipeline->then()
#57 /home/u187586491/domains/pixfacil.fun/public_html/vendor/laravel/framework/src/Illuminate/Foundation/Http/Kernel.php(144): Illuminate\\Foundation\\Http\\Kernel->sendRequestThroughRouter()
#58 /home/u187586491/domains/pixfacil.fun/public_html/bootstrap/front.php(51): Illuminate\\Foundation\\Http\\Kernel->handle()
#59 /home/u187586491/domains/pixfacil.fun/public_html/bootstrap/loader.php(5): require('/home/u18758649...')
#60 /home/u187586491/domains/pixfacil.fun/public_html/public/index.php(4): require('/home/u18758649...')
#61 {main}
"} 
[2026-09-04 13:39:48] production.ERROR: Secret is not set. {"exception":"[object] (Tymon\\JWTAuth\\Exceptions\\JWTException(code: 0): Secret is not set. at /home/u187586491/domains/pixfacil.fun/public_html/vendor/tymon/jwt-auth/src/Providers/JWT/Lcobucci.php:238)
[stacktrace]
#0 /home/u187586491/domains/pixfacil.fun/public_html/vendor/tymon/jwt-auth/src/Providers/JWT/Lcobucci.php(174): Tymon\\JWTAuth\\Providers\\JWT\\Lcobucci->getSigningKey()
#1 /home/u187586491/domains/pixfacil.fun/public_html/vendor/tymon/jwt-auth/src/Providers/JWT/Lcobucci.php(58): Tymon\\JWTAuth\\Providers\\JWT\\Lcobucci->buildConfig()
#2 /home/u187586491/domains/pixfacil.fun/public_html/vendor/tymon/jwt-auth/src/Providers/AbstractServiceProvider.php(167): Tymon\\JWTAuth\\Providers\\JWT\\Lcobucci->__construct()
#3 /home/u187586491/domains/pixfacil.fun/public_html/vendor/laravel/framework/src/Illuminate/Container/Container.php(1115): Tymon\\JWTAuth\\Providers\\AbstractServiceProvider->Tymon\\JWTAuth\\Providers\\{closure}()
#4 /home/u187586491/domains/pixfacil.fun/public_html/vendor/laravel/framework/src/Illuminate/Container/Container.php(933): Illuminate\\Container\\Container->build()
#5 /home/u187586491/domains/pixfacil.fun/public_html/vendor/laravel/framework/src/Illuminate/Foundation/Application.php(1078): Illuminate\\Container\\Container->resolve()
#6 /home/u187586491/domains/pixfacil.fun/public_html/vendor/laravel/framework/src/Illuminate/Container/Container.php(864): Illuminate\\Foundation\\Application->resolve()
#7 /home/u187586491/domains/pixfacil.fun/public_html/vendor/laravel/framework/src/Illuminate/Foundation/Application.php(1058): Illuminate\\Container\\Container->make()
#8 /home/u187586491/domains/pixfacil.fun/public_html/vendor/tymon/jwt-auth/src/Providers/AbstractServiceProvider.php(367): Illuminate\\Foundation\\Application->make()
#9 /home/u187586491/domains/pixfacil.fun/public_html/vendor/tymon/jwt-auth/src/Providers/AbstractServiceProvider.php(138): Tymon\\JWTAuth\\Providers\\AbstractServiceProvider->getConfigInstance()
#10 /home/u187586491/domains/pixfacil.fun/public_html/vendor/laravel/framework/src/Illuminate/Container/Container.php(1115): Tymon\\JWTAuth\\Providers\\AbstractServiceProvider->Tymon\\JWTAuth\\Providers\\{closure}()
#11 /home/u187586491/domains/pixfacil.fun/public_html/vendor/laravel/framework/src/Illuminate/Container/Container.php(933): Illuminate\\Container\\Container->build()
#12 /home/u187586491/domains/pixfacil.fun/public_html/vendor/laravel/framework/src/Illuminate/Foundation/Application.php(1078): Illuminate\\Container\\Container->resolve()
#13 /home/u187586491/domains/pixfacil.fun/public_html/vendor/laravel/framework/src/Illuminate/Container/Container.php(864): Illuminate\\Foundation\\Application->resolve()
#14 /home/u187586491/domains/pixfacil.fun/public_html/vendor/laravel/framework/src/Illuminate/Foundation/Application.php(1058): Illuminate\\Container\\Container->make()
#15 /home/u187586491/domains/pixfacil.fun/public_html/vendor/laravel/framework/src/Illuminate/Container/Container.php(1805): Illuminate\\Foundation\\Application->make()
#16 /home/u187586491/domains/pixfacil.fun/public_html/vendor/tymon/jwt-auth/src/Providers/AbstractServiceProvider.php(208): Illuminate\\Container\\Container->offsetGet()
#17 /home/u187586491/domains/pixfacil.fun/public_html/vendor/laravel/framework/src/Illuminate/Container/Container.php(1115): Tymon\\JWTAuth\\Providers\\AbstractServiceProvider->Tymon\\JWTAuth\\Providers\\{closure}()
#18 /home/u187586491/domains/pixfacil.fun/public_html/vendor/laravel/framework/src/Illuminate/Container/Container.php(933): Illuminate\\Container\\Container->build()
#19 /home/u187586491/domains/pixfacil.fun/public_html/vendor/laravel/framework/src/Illuminate/Foundation/Application.php(1078): Illuminate\\Container\\Container->resolve()
#20 /home/u187586491/domains/pixfacil.fun/public_html/vendor/laravel/framework/src/Illuminate/Container/Container.php(864): Illuminate\\Foundation\\Application->resolve()
#21 /home/u187586491/domains/pixfacil.fun/public_html/vendor/laravel/framework/src/Illuminate/Foundation/Application.php(1058): Illuminate\\Container\\Container->make()
#22 /home/u187586491/domains/pixfacil.fun/public_html/vendor/laravel/framework/src/Illuminate/Container/Container.php(1805): Illuminate\\Foundation\\Application->make()
#23 /home/u187586491/domains/pixfacil.fun/public_html/vendor/tymon/jwt-auth/src/Providers/AbstractServiceProvider.php(250): Illuminate\\Container\\Container->offsetGet()
#24 /home/u187586491/domains/pixfacil.fun/public_html/vendor/laravel/framework/src/Illuminate/Container/Container.php(1115): Tymon\\JWTAuth\\Providers\\AbstractServiceProvider->Tymon\\JWTAuth\\Providers\\{closure}()
#25 /home/u187586491/domains/pixfacil.fun/public_html/vendor/laravel/framework/src/Illuminate/Container/Container.php(933): Illuminate\\Container\\Container->build()
#26 /home/u187586491/domains/pixfacil.fun/public_html/vendor/laravel/framework/src/Illuminate/Foundation/Application.php(1078): Illuminate\\Container\\Container->resolve()
#27 /home/u187586491/domains/pixfacil.fun/public_html/vendor/laravel/framework/src/Illuminate/Container/Container.php(864): Illuminate\\Foundation\\Application->resolve()
#28 /home/u187586491/domains/pixfacil.fun/public_html/vendor/laravel/framework/src/Illuminate/Foundation/Application.php(1058): Illuminate\\Container\\Container->make()
#29 /home/u187586491/domains/pixfacil.fun/public_html/vendor/laravel/framework/src/Illuminate/Container/Container.php(1805): Illuminate\\Foundation\\Application->make()
#30 /home/u187586491/domains/pixfacil.fun/public_html/vendor/tymon/jwt-auth/src/Providers/AbstractServiceProvider.php(96): Illuminate\\Container\\Container->offsetGet()
#31 /home/u187586491/domains/pixfacil.fun/public_html/vendor/laravel/framework/src/Illuminate/Auth/AuthManager.php(112): Tymon\\JWTAuth\\Providers\\AbstractServiceProvider->Tymon\\JWTAuth\\Providers\\{closure}()
#32 /home/u187586491/domains/pixfacil.fun/public_html/vendor/laravel/framework/src/Illuminate/Auth/AuthManager.php(89): Illuminate\\Auth\\AuthManager->callCustomCreator()
#33 /home/u187586491/domains/pixfacil.fun/public_html/vendor/laravel/framework/src/Illuminate/Auth/AuthManager.php(69): Illuminate\\Auth\\AuthManager->resolve()
#34 /home/u187586491/domains/pixfacil.fun/public_html/vendor/laravel/framework/src/Illuminate/Foundation/helpers.php(180): Illuminate\\Auth\\AuthManager->guard()
#35 /home/u187586491/domains/pixfacil.fun/public_html/app/Http/Middleware/SetDefaultLanguage.php(16): auth()
#36 /home/u187586491/domains/pixfacil.fun/public_html/vendor/laravel/framework/src/Illuminate/Pipeline/Pipeline.php(219): App\\Http\\Middleware\\SetDefaultLanguage->handle()
#37 /home/u187586491/domains/pixfacil.fun/public_html/vendor/laravel/framework/src/Illuminate/Foundation/Http/Middleware/TransformsRequest.php(21): Illuminate\\Pipeline\\Pipeline->Illuminate\\Pipeline\\{closure}()
#38 /home/u187586491/domains/pixfacil.fun/public_html/vendor/laravel/framework/src/Illuminate/Foundation/Http/Middleware/ConvertEmptyStringsToNull.php(31): Illuminate\\Foundation\\Http\\Middleware\\TransformsRequest->handle()
#39 /home/u187586491/domains/pixfacil.fun/public_html/vendor/laravel/framework/src/Illuminate/Pipeline/Pipeline.php(219): Illuminate\\Foundation\\Http\\Middleware\\ConvertEmptyStringsToNull->handle()
#40 /home/u187586491/domains/pixfacil.fun/public_html/vendor/laravel/framework/src/Illuminate/Foundation/Http/Middleware/TransformsRequest.php(21): Illuminate\\Pipeline\\Pipeline->Illuminate\\Pipeline\\{closure}()
#41 /home/u187586491/domains/pixfacil.fun/public_html/vendor/laravel/framework/src/Illuminate/Foundation/Http/Middleware/TrimStrings.php(51): Illuminate\\Foundation\\Http\\Middleware\\TransformsRequest->handle()
#42 /home/u187586491/domains/pixfacil.fun/public_html/vendor/laravel/framework/src/Illuminate/Pipeline/Pipeline.php(219): Illuminate\\Foundation\\Http\\Middleware\\TrimStrings->handle()
#43 /home/u187586491/domains/pixfacil.fun/public_html/vendor/laravel/framework/src/Illuminate/Http/Middleware/ValidatePostSize.php(27): Illuminate\\Pipeline\\Pipeline->Illuminate\\Pipeline\\{closure}()
#44 /home/u187586491/domains/pixfacil.fun/public_html/vendor/laravel/framework/src/Illuminate/Pipeline/Pipeline.php(219): Illuminate\\Http\\Middleware\\ValidatePostSize->handle()
#45 /home/u187586491/domains/pixfacil.fun/public_html/vendor/laravel/framework/src/Illuminate/Foundation/Http/Middleware/PreventRequestsDuringMaintenance.php(109): Illuminate\\Pipeline\\Pipeline->Illuminate\\Pipeline\\{closure}()
#46 /home/u187586491/domains/pixfacil.fun/public_html/vendor/laravel/framework/src/Illuminate/Pipeline/Pipeline.php(219): Illuminate\\Foundation\\Http\\Middleware\\PreventRequestsDuringMaintenance->handle()
#47 /home/u187586491/domains/pixfacil.fun/public_html/vendor/laravel/framework/src/Illuminate/Http/Middleware/HandleCors.php(61): Illuminate\\Pipeline\\Pipeline->Illuminate\\Pipeline\\{closure}()
#48 /home/u187586491/domains/pixfacil.fun/public_html/vendor/laravel/framework/src/Illuminate/Pipeline/Pipeline.php(219): Illuminate\\Http\\Middleware\\HandleCors->handle()
#49 /home/u187586491/domains/pixfacil.fun/public_html/app/Http/Middleware/SecurityHeaders.php(16): Illuminate\\Pipeline\\Pipeline->Illuminate\\Pipeline\\{closure}()
#50 /home/u187586491/domains/pixfacil.fun/public_html/vendor/laravel/framework/src/Illuminate/Pipeline/Pipeline.php(219): App\\Http\\Middleware\\SecurityHeaders->handle()
#51 /home/u187586491/domains/pixfacil.fun/public_html/vendor/laravel/framework/src/Illuminate/Http/Middleware/TrustProxies.php(58): Illuminate\\Pipeline\\Pipeline->Illuminate\\Pipeline\\{closure}()
#52 /home/u187586491/domains/pixfacil.fun/public_html/vendor/laravel/framework/src/Illuminate/Pipeline/Pipeline.php(219): Illuminate\\Http\\Middleware\\TrustProxies->handle()
#53 /home/u187586491/domains/pixfacil.fun/public_html/vendor/laravel/framework/src/Illuminate/Http/Middleware/TrustHosts.php(78): Illuminate\\Pipeline\\Pipeline->Illuminate\\Pipeline\\{closure}()
#54 /home/u187586491/domains/pixfacil.fun/public_html/vendor/laravel/framework/src/Illuminate/Pipeline/Pipeline.php(219): Illuminate\\Http\\Middleware\\TrustHosts->handle()
#55 /home/u187586491/domains/pixfacil.fun/public_html/vendor/laravel/framework/src/Illuminate/Pipeline/Pipeline.php(137): Illuminate\\Pipeline\\Pipeline->Illuminate\\Pipeline\\{closure}()
#56 /home/u187586491/domains/pixfacil.fun/public_html/vendor/laravel/framework/src/Illuminate/Foundation/Http/Kernel.php(175): Illuminate\\Pipeline\\Pipeline->then()
#57 /home/u187586491/domains/pixfacil.fun/public_html/vendor/laravel/framework/src/Illuminate/Foundation/Http/Kernel.php(144): Illuminate\\Foundation\\Http\\Kernel->sendRequestThroughRouter()
#58 /home/u187586491/domains/pixfacil.fun/public_html/bootstrap/front.php(51): Illuminate\\Foundation\\Http\\Kernel->handle()
#59 /home/u187586491/domains/pixfacil.fun/public_html/bootstrap/loader.php(5): require('/home/u18758649...')
#60 /home/u187586491/domains/pixfacil.fun/public_html/public/index.php(4): require('/home/u18758649...')
#61 {main}
"} 
[2026-09-04 13:39:48] production.ERROR: Secret is not set. {"exception":"[object] (Tymon\\JWTAuth\\Exceptions\\JWTException(code: 0): Secret is not set. at /home/u187586491/domains/pixfacil.fun/public_html/vendor/tymon/jwt-auth/src/Providers/JWT/Lcobucci.php:238)
[stacktrace]
#0 /home/u187586491/domains/pixfacil.fun/public_html/vendor/tymon/jwt-auth/src/Providers/JWT/Lcobucci.php(174): Tymon\\JWTAuth\\Providers\\JWT\\Lcobucci->getSigningKey()
#1 /home/u187586491/domains/pixfacil.fun/public_html/vendor/tymon/jwt-auth/src/Providers/JWT/Lcobucci.php(58): Tymon\\JWTAuth\\Providers\\JWT\\Lcobucci->buildConfig()
#2 /home/u187586491/domains/pixfacil.fun/public_html/vendor/tymon/jwt-auth/src/Providers/AbstractServiceProvider.php(167): Tymon\\JWTAuth\\Providers\\JWT\\Lcobucci->__construct()
#3 /home/u187586491/domains/pixfacil.fun/public_html/vendor/laravel/framework/src/Illuminate/Container/Container.php(1115): Tymon\\JWTAuth\\Providers\\AbstractServiceProvider->Tymon\\JWTAuth\\Providers\\{closure}()
#4 /home/u187586491/domains/pixfacil.fun/public_html/vendor/laravel/framework/src/Illuminate/Container/Container.php(933): Illuminate\\Container\\Container->build()
#5 /home/u187586491/domains/pixfacil.fun/public_html/vendor/laravel/framework/src/Illuminate/Foundation/Application.php(1078): Illuminate\\Container\\Container->resolve()
#6 /home/u187586491/domains/pixfacil.fun/public_html/vendor/laravel/framework/src/Illuminate/Container/Container.php(864): Illuminate\\Foundation\\Application->resolve()
#7 /home/u187586491/domains/pixfacil.fun/public_html/vendor/laravel/framework/src/Illuminate/Foundation/Application.php(1058): Illuminate\\Container\\Container->make()
#8 /home/u187586491/domains/pixfacil.fun/public_html/vendor/tymon/jwt-auth/src/Providers/AbstractServiceProvider.php(367): Illuminate\\Foundation\\Application->make()
#9 /home/u187586491/domains/pixfacil.fun/public_html/vendor/tymon/jwt-auth/src/Providers/AbstractServiceProvider.php(138): Tymon\\JWTAuth\\Providers\\AbstractServiceProvider->getConfigInstance()
#10 /home/u187586491/domains/pixfacil.fun/public_html/vendor/laravel/framework/src/Illuminate/Container/Container.php(1115): Tymon\\JWTAuth\\Providers\\AbstractServiceProvider->Tymon\\JWTAuth\\Providers\\{closure}()
#11 /home/u187586491/domains/pixfacil.fun/public_html/vendor/laravel/framework/src/Illuminate/Container/Container.php(933): Illuminate\\Container\\Container->build()
#12 /home/u187586491/domains/pixfacil.fun/public_html/vendor/laravel/framework/src/Illuminate/Foundation/Application.php(1078): Illuminate\\Container\\Container->resolve()
#13 /home/u187586491/domains/pixfacil.fun/public_html/vendor/laravel/framework/src/Illuminate/Container/Container.php(864): Illuminate\\Foundation\\Application->resolve()
#14 /home/u187586491/domains/pixfacil.fun/public_html/vendor/laravel/framework/src/Illuminate/Foundation/Application.php(1058): Illuminate\\Container\\Container->make()
#15 /home/u187586491/domains/pixfacil.fun/public_html/vendor/laravel/framework/src/Illuminate/Container/Container.php(1805): Illuminate\\Foundation\\Application->make()
#16 /home/u187586491/domains/pixfacil.fun/public_html/vendor/tymon/jwt-auth/src/Providers/AbstractServiceProvider.php(208): Illuminate\\Container\\Container->offsetGet()
#17 /home/u187586491/domains/pixfacil.fun/public_html/vendor/laravel/framework/src/Illuminate/Container/Container.php(1115): Tymon\\JWTAuth\\Providers\\AbstractServiceProvider->Tymon\\JWTAuth\\Providers\\{closure}()
#18 /home/u187586491/domains/pixfacil.fun/public_html/vendor/laravel/framework/src/Illuminate/Container/Container.php(933): Illuminate\\Container\\Container->build()
#19 /home/u187586491/domains/pixfacil.fun/public_html/vendor/laravel/framework/src/Illuminate/Foundation/Application.php(1078): Illuminate\\Container\\Container->resolve()
#20 /home/u187586491/domains/pixfacil.fun/public_html/vendor/laravel/framework/src/Illuminate/Container/Container.php(864): Illuminate\\Foundation\\Application->resolve()
#21 /home/u187586491/domains/pixfacil.fun/public_html/vendor/laravel/framework/src/Illuminate/Foundation/Application.php(1058): Illuminate\\Container\\Container->make()
#22 /home/u187586491/domains/pixfacil.fun/public_html/vendor/laravel/framework/src/Illuminate/Container/Container.php(1805): Illuminate\\Foundation\\Application->make()
#23 /home/u187586491/domains/pixfacil.fun/public_html/vendor/tymon/jwt-auth/src/Providers/AbstractServiceProvider.php(250): Illuminate\\Container\\Container->offsetGet()
#24 /home/u187586491/domains/pixfacil.fun/public_html/vendor/laravel/framework/src/Illuminate/Container/Container.php(1115): Tymon\\JWTAuth\\Providers\\AbstractServiceProvider->Tymon\\JWTAuth\\Providers\\{closure}()
#25 /home/u187586491/domains/pixfacil.fun/public_html/vendor/laravel/framework/src/Illuminate/Container/Container.php(933): Illuminate\\Container\\Container->build()
#26 /home/u187586491/domains/pixfacil.fun/public_html/vendor/laravel/framework/src/Illuminate/Foundation/Application.php(1078): Illuminate\\Container\\Container->resolve()
#27 /home/u187586491/domains/pixfacil.fun/public_html/vendor/laravel/framework/src/Illuminate/Container/Container.php(864): Illuminate\\Foundation\\Application->resolve()
#28 /home/u187586491/domains/pixfacil.fun/public_html/vendor/laravel/framework/src/Illuminate/Foundation/Application.php(1058): Illuminate\\Container\\Container->make()
#29 /home/u187586491/domains/pixfacil.fun/public_html/vendor/laravel/framework/src/Illuminate/Container/Container.php(1805): Illuminate\\Foundation\\Application->make()
#30 /home/u187586491/domains/pixfacil.fun/public_html/vendor/tymon/jwt-auth/src/Providers/AbstractServiceProvider.php(96): Illuminate\\Container\\Container->offsetGet()
#31 /home/u187586491/domains/pixfacil.fun/public_html/vendor/laravel/framework/src/Illuminate/Auth/AuthManager.php(112): Tymon\\JWTAuth\\Providers\\AbstractServiceProvider->Tymon\\JWTAuth\\Providers\\{closure}()
#32 /home/u187586491/domains/pixfacil.fun/public_html/vendor/laravel/framework/src/Illuminate/Auth/AuthManager.php(89): Illuminate\\Auth\\AuthManager->callCustomCreator()
#33 /home/u187586491/domains/pixfacil.fun/public_html/vendor/laravel/framework/src/Illuminate/Auth/AuthManager.php(69): Illuminate\\Auth\\AuthManager->resolve()
#34 /home/u187586491/domains/pixfacil.fun/public_html/vendor/laravel/framework/src/Illuminate/Foundation/helpers.php(180): Illuminate\\Auth\\AuthManager->guard()
#35 /home/u187586491/domains/pixfacil.fun/public_html/app/Http/Middleware/SetDefaultLanguage.php(16): auth()
#36 /home/u187586491/domains/pixfacil.fun/public_html/vendor/laravel/framework/src/Illuminate/Pipeline/Pipeline.php(219): App\\Http\\Middleware\\SetDefaultLanguage->handle()
#37 /home/u187586491/domains/pixfacil.fun/public_html/vendor/laravel/framework/src/Illuminate/Foundation/Http/Middleware/TransformsRequest.php(21): Illuminate\\Pipeline\\Pipeline->Illuminate\\Pipeline\\{closure}()
#38 /home/u187586491/domains/pixfacil.fun/public_html/vendor/laravel/framework/src/Illuminate/Foundation/Http/Middleware/ConvertEmptyStringsToNull.php(31): Illuminate\\Foundation\\Http\\Middleware\\TransformsRequest->handle()
#39 /home/u187586491/domains/pixfacil.fun/public_html/vendor/laravel/framework/src/Illuminate/Pipeline/Pipeline.php(219): Illuminate\\Foundation\\Http\\Middleware\\ConvertEmptyStringsToNull->handle()
#40 /home/u187586491/domains/pixfacil.fun/public_html/vendor/laravel/framework/src/Illuminate/Foundation/Http/Middleware/TransformsRequest.php(21): Illuminate\\Pipeline\\Pipeline->Illuminate\\Pipeline\\{closure}()
#41 /home/u187586491/domains/pixfacil.fun/public_html/vendor/laravel/framework/src/Illuminate/Foundation/Http/Middleware/TrimStrings.php(51): Illuminate\\Foundation\\Http\\Middleware\\TransformsRequest->handle()
#42 /home/u187586491/domains/pixfacil.fun/public_html/vendor/laravel/framework/src/Illuminate/Pipeline/Pipeline.php(219): Illuminate\\Foundation\\Http\\Middleware\\TrimStrings->handle()
#43 /home/u187586491/domains/pixfacil.fun/public_html/vendor/laravel/framework/src/Illuminate/Http/Middleware/ValidatePostSize.php(27): Illuminate\\Pipeline\\Pipeline->Illuminate\\Pipeline\\{closure}()
#44 /home/u187586491/domains/pixfacil.fun/public_html/vendor/laravel/framework/src/Illuminate/Pipeline/Pipeline.php(219): Illuminate\\Http\\Middleware\\ValidatePostSize->handle()
#45 /home/u187586491/domains/pixfacil.fun/public_html/vendor/laravel/framework/src/Illuminate/Foundation/Http/Middleware/PreventRequestsDuringMaintenance.php(109): Illuminate\\Pipeline\\Pipeline->Illuminate\\Pipeline\\{closure}()
#46 /home/u187586491/domains/pixfacil.fun/public_html/vendor/laravel/framework/src/Illuminate/Pipeline/Pipeline.php(219): Illuminate\\Foundation\\Http\\Middleware\\PreventRequestsDuringMaintenance->handle()
#47 /home/u187586491/domains/pixfacil.fun/public_html/vendor/laravel/framework/src/Illuminate/Http/Middleware/HandleCors.php(61): Illuminate\\Pipeline\\Pipeline->Illuminate\\Pipeline\\{closure}()
#48 /home/u187586491/domains/pixfacil.fun/public_html/vendor/laravel/framework/src/Illuminate/Pipeline/Pipeline.php(219): Illuminate\\Http\\Middleware\\HandleCors->handle()
#49 /home/u187586491/domains/pixfacil.fun/public_html/app/Http/Middleware/SecurityHeaders.php(16): Illuminate\\Pipeline\\Pipeline->Illuminate\\Pipeline\\{closure}()
#50 /home/u187586491/domains/pixfacil.fun/public_html/vendor/laravel/framework/src/Illuminate/Pipeline/Pipeline.php(219): App\\Http\\Middleware\\SecurityHeaders->handle()
#51 /home/u187586491/domains/pixfacil.fun/public_html/vendor/laravel/framework/src/Illuminate/Http/Middleware/TrustProxies.php(58): Illuminate\\Pipeline\\Pipeline->Illuminate\\Pipeline\\{closure}()
#52 /home/u187586491/domains/pixfacil.fun/public_html/vendor/laravel/framework/src/Illuminate/Pipeline/Pipeline.php(219): Illuminate\\Http\\Middleware\\TrustProxies->handle()
#53 /home/u187586491/domains/pixfacil.fun/public_html/vendor/laravel/framework/src/Illuminate/Http/Middleware/TrustHosts.php(78): Illuminate\\Pipeline\\Pipeline->Illuminate\\Pipeline\\{closure}()
#54 /home/u187586491/domains/pixfacil.fun/public_html/vendor/laravel/framework/src/Illuminate/Pipeline/Pipeline.php(219): Illuminate\\Http\\Middleware\\TrustHosts->handle()
#55 /home/u187586491/domains/pixfacil.fun/public_html/vendor/laravel/framework/src/Illuminate/Pipeline/Pipeline.php(137): Illuminate\\Pipeline\\Pipeline->Illuminate\\Pipeline\\{closure}()
#56 /home/u187586491/domains/pixfacil.fun/public_html/vendor/laravel/framework/src/Illuminate/Foundation/Http/Kernel.php(175): Illuminate\\Pipeline\\Pipeline->then()
#57 /home/u187586491/domains/pixfacil.fun/public_html/vendor/laravel/framework/src/Illuminate/Foundation/Http/Kernel.php(144): Illuminate\\Foundation\\Http\\Kernel->sendRequestThroughRouter()
#58 /home/u187586491/domains/pixfacil.fun/public_html/bootstrap/front.php(51): Illuminate\\Foundation\\Http\\Kernel->handle()
#59 /home/u187586491/domains/pixfacil.fun/public_html/bootstrap/loader.php(5): require('/home/u18758649...')
#60 /home/u187586491/domains/pixfacil.fun/public_html/public/index.php(4): require('/home/u18758649...')
#61 {main}
"} 
[2026-09-04 13:43:16] production.ERROR: No application encryption key has been specified. {"exception":"[object] (Illuminate\\Encryption\\MissingAppKeyException(code: 0): No application encryption key has been specified. at /home/u187586491/domains/pixfacil.fun/public_html/vendor/laravel/framework/src/Illuminate/Encryption/EncryptionServiceProvider.php:83)
[stacktrace]
#0 /home/u187586491/domains/pixfacil.fun/public_html/vendor/laravel/framework/src/Illuminate/Support/helpers.php(393): Illuminate\\Encryption\\EncryptionServiceProvider->Illuminate\\Encryption\\{closure}()
#1 /home/u187586491/domains/pixfacil.fun/public_html/vendor/laravel/framework/src/Illuminate/Encryption/EncryptionServiceProvider.php(81): tap()
#2 /home/u187586491/domains/pixfacil.fun/public_html/vendor/laravel/framework/src/Illuminate/Encryption/EncryptionServiceProvider.php(64): Illuminate\\Encryption\\EncryptionServiceProvider->key()
#3 /home/u187586491/domains/pixfacil.fun/public_html/vendor/laravel/framework/src/Illuminate/Encryption/EncryptionServiceProvider.php(32): Illuminate\\Encryption\\EncryptionServiceProvider->parseKey()
#4 /home/u187586491/domains/pixfacil.fun/public_html/vendor/laravel/framework/src/Illuminate/Container/Container.php(1115): Illuminate\\Encryption\\EncryptionServiceProvider->Illuminate\\Encryption\\{closure}()
#5 /home/u187586491/domains/pixfacil.fun/public_html/vendor/laravel/framework/src/Illuminate/Container/Container.php(933): Illuminate\\Container\\Container->build()
#6 /home/u187586491/domains/pixfacil.fun/public_html/vendor/laravel/framework/src/Illuminate/Foundation/Application.php(1078): Illuminate\\Container\\Container->resolve()
#7 /home/u187586491/domains/pixfacil.fun/public_html/vendor/laravel/framework/src/Illuminate/Container/Container.php(864): Illuminate\\Foundation\\Application->resolve()
#8 /home/u187586491/domains/pixfacil.fun/public_html/vendor/laravel/framework/src/Illuminate/Foundation/Application.php(1058): Illuminate\\Container\\Container->make()
#9 /home/u187586491/domains/pixfacil.fun/public_html/vendor/laravel/framework/src/Illuminate/Container/Container.php(1336): Illuminate\\Foundation\\Application->make()
#10 /home/u187586491/domains/pixfacil.fun/public_html/vendor/laravel/framework/src/Illuminate/Container/Container.php(1237): Illuminate\\Container\\Container->resolveClass()
#11 /home/u187586491/domains/pixfacil.fun/public_html/vendor/laravel/framework/src/Illuminate/Container/Container.php(1162): Illuminate\\Container\\Container->resolveDependencies()
#12 /home/u187586491/domains/pixfacil.fun/public_html/vendor/laravel/framework/src/Illuminate/Container/Container.php(933): Illuminate\\Container\\Container->build()
#13 /home/u187586491/domains/pixfacil.fun/public_html/vendor/laravel/framework/src/Illuminate/Foundation/Application.php(1078): Illuminate\\Container\\Container->resolve()
#14 /home/u187586491/domains/pixfacil.fun/public_html/vendor/laravel/framework/src/Illuminate/Container/Container.php(864): Illuminate\\Foundation\\Application->resolve()
#15 /home/u187586491/domains/pixfacil.fun/public_html/vendor/laravel/framework/src/Illuminate/Foundation/Application.php(1058): Illuminate\\Container\\Container->make()
#16 /home/u187586491/domains/pixfacil.fun/public_html/vendor/laravel/framework/src/Illuminate/Pipeline/Pipeline.php(208): Illuminate\\Foundation\\Application->make()
#17 /home/u187586491/domains/pixfacil.fun/public_html/vendor/laravel/framework/src/Illuminate/Pipeline/Pipeline.php(137): Illuminate\\Pipeline\\Pipeline->Illuminate\\Pipeline\\{closure}()
#18 /home/u187586491/domains/pixfacil.fun/public_html/vendor/laravel/framework/src/Illuminate/Routing/Router.php(821): Illuminate\\Pipeline\\Pipeline->then()
#19 /home/u187586491/domains/pixfacil.fun/public_html/vendor/laravel/framework/src/Illuminate/Routing/Router.php(800): Illuminate\\Routing\\Router->runRouteWithinStack()
#20 /home/u187586491/domains/pixfacil.fun/public_html/vendor/laravel/framework/src/Illuminate/Routing/Router.php(764): Illuminate\\Routing\\Router->runRoute()
#21 /home/u187586491/domains/pixfacil.fun/public_html/vendor/laravel/framework/src/Illuminate/Routing/Router.php(753): Illuminate\\Routing\\Router->dispatchToRoute()
#22 /home/u187586491/domains/pixfacil.fun/public_html/vendor/laravel/framework/src/Illuminate/Foundation/Http/Kernel.php(200): Illuminate\\Routing\\Router->dispatch()
#23 /home/u187586491/domains/pixfacil.fun/public_html/vendor/laravel/framework/src/Illuminate/Pipeline/Pipeline.php(180): Illuminate\\Foundation\\Http\\Kernel->Illuminate\\Foundation\\Http\\{closure}()
#24 /home/u187586491/domains/pixfacil.fun/public_html/vendor/livewire/livewire/src/Features/SupportDisablingBackButtonCache/DisableBackButtonCacheMiddleware.php(19): Illuminate\\Pipeline\\Pipeline->Illuminate\\Pipeline\\{closure}()
#25 /home/u187586491/domains/pixfacil.fun/public_html/vendor/laravel/framework/src/Illuminate/Pipeline/Pipeline.php(219): Livewire\\Features\\SupportDisablingBackButtonCache\\DisableBackButtonCacheMiddleware->handle()
#26 /home/u187586491/domains/pixfacil.fun/public_html/app/Http/Middleware/SetDefaultLanguage.php(20): Illuminate\\Pipeline\\Pipeline->Illuminate\\Pipeline\\{closure}()
#27 /home/u187586491/domains/pixfacil.fun/public_html/vendor/laravel/framework/src/Illuminate/Pipeline/Pipeline.php(219): App\\Http\\Middleware\\SetDefaultLanguage->handle()
#28 /home/u187586491/domains/pixfacil.fun/public_html/vendor/laravel/framework/src/Illuminate/Foundation/Http/Middleware/TransformsRequest.php(21): Illuminate\\Pipeline\\Pipeline->Illuminate\\Pipeline\\{closure}()
#29 /home/u187586491/domains/pixfacil.fun/public_html/vendor/laravel/framework/src/Illuminate/Foundation/Http/Middleware/ConvertEmptyStringsToNull.php(31): Illuminate\\Foundation\\Http\\Middleware\\TransformsRequest->handle()
#30 /home/u187586491/domains/pixfacil.fun/public_html/vendor/laravel/framework/src/Illuminate/Pipeline/Pipeline.php(219): Illuminate\\Foundation\\Http\\Middleware\\ConvertEmptyStringsToNull->handle()
#31 /home/u187586491/domains/pixfacil.fun/public_html/vendor/laravel/framework/src/Illuminate/Foundation/Http/Middleware/TransformsRequest.php(21): Illuminate\\Pipeline\\Pipeline->Illuminate\\Pipeline\\{closure}()
#32 /home/u187586491/domains/pixfacil.fun/public_html/vendor/laravel/framework/src/Illuminate/Foundation/Http/Middleware/TrimStrings.php(51): Illuminate\\Foundation\\Http\\Middleware\\TransformsRequest->handle()
#33 /home/u187586491/domains/pixfacil.fun/public_html/vendor/laravel/framework/src/Illuminate/Pipeline/Pipeline.php(219): Illuminate\\Foundation\\Http\\Middleware\\TrimStrings->handle()
#34 /home/u187586491/domains/pixfacil.fun/public_html/vendor/laravel/framework/src/Illuminate/Http/Middleware/ValidatePostSize.php(27): Illuminate\\Pipeline\\Pipeline->Illuminate\\Pipeline\\{closure}()
#35 /home/u187586491/domains/pixfacil.fun/public_html/vendor/laravel/framework/src/Illuminate/Pipeline/Pipeline.php(219): Illuminate\\Http\\Middleware\\ValidatePostSize->handle()
#36 /home/u187586491/domains/pixfacil.fun/public_html/vendor/laravel/framework/src/Illuminate/Foundation/Http/Middleware/PreventRequestsDuringMaintenance.php(109): Illuminate\\Pipeline\\Pipeline->Illuminate\\Pipeline\\{closure}()
#37 /home/u187586491/domains/pixfacil.fun/public_html/vendor/laravel/framework/src/Illuminate/Pipeline/Pipeline.php(219): Illuminate\\Foundation\\Http\\Middleware\\PreventRequestsDuringMaintenance->handle()
#38 /home/u187586491/domains/pixfacil.fun/public_html/vendor/laravel/framework/src/Illuminate/Http/Middleware/HandleCors.php(61): Illuminate\\Pipeline\\Pipeline->Illuminate\\Pipeline\\{closure}()
#39 /home/u187586491/domains/pixfacil.fun/public_html/vendor/laravel/framework/src/Illuminate/Pipeline/Pipeline.php(219): Illuminate\\Http\\Middleware\\HandleCors->handle()
#40 /home/u187586491/domains/pixfacil.fun/public_html/app/Http/Middleware/SecurityHeaders.php(16): Illuminate\\Pipeline\\Pipeline->Illuminate\\Pipeline\\{closure}()
#41 /home/u187586491/domains/pixfacil.fun/public_html/vendor/laravel/framework/src/Illuminate/Pipeline/Pipeline.php(219): App\\Http\\Middleware\\SecurityHeaders->handle()
#42 /home/u187586491/domains/pixfacil.fun/public_html/vendor/laravel/framework/src/Illuminate/Http/Middleware/TrustProxies.php(58): Illuminate\\Pipeline\\Pipeline->Illuminate\\Pipeline\\{closure}()
#43 /home/u187586491/domains/pixfacil.fun/public_html/vendor/laravel/framework/src/Illuminate/Pipeline/Pipeline.php(219): Illuminate\\Http\\Middleware\\TrustProxies->handle()
#44 /home/u187586491/domains/pixfacil.fun/public_html/vendor/laravel/framework/src/Illuminate/Http/Middleware/TrustHosts.php(78): Illuminate\\Pipeline\\Pipeline->Illuminate\\Pipeline\\{closure}()
#45 /home/u187586491/domains/pixfacil.fun/public_html/vendor/laravel/framework/src/Illuminate/Pipeline/Pipeline.php(219): Illuminate\\Http\\Middleware\\TrustHosts->handle()
#46 /home/u187586491/domains/pixfacil.fun/public_html/vendor/laravel/framework/src/Illuminate/Pipeline/Pipeline.php(137): Illuminate\\Pipeline\\Pipeline->Illuminate\\Pipeline\\{closure}()
#47 /home/u187586491/domains/pixfacil.fun/public_html/vendor/laravel/framework/src/Illuminate/Foundation/Http/Kernel.php(175): Illuminate\\Pipeline\\Pipeline->then()
#48 /home/u187586491/domains/pixfacil.fun/public_html/vendor/laravel/framework/src/Illuminate/Foundation/Http/Kernel.php(144): Illuminate\\Foundation\\Http\\Kernel->sendRequestThroughRouter()
#49 /home/u187586491/domains/pixfacil.fun/public_html/bootstrap/front.php(51): Illuminate\\Foundation\\Http\\Kernel->handle()
#50 /home/u187586491/domains/pixfacil.fun/public_html/bootstrap/loader.php(5): require('/home/u18758649...')
#51 /home/u187586491/domains/pixfacil.fun/public_html/public/index.php(4): require('/home/u18758649...')
#52 {main}
"} 
[2026-09-04 13:43:16] production.ERROR: No application encryption key has been specified. {"exception":"[object] (Illuminate\\Encryption\\MissingAppKeyException(code: 0): No application encryption key has been specified. at /home/u187586491/domains/pixfacil.fun/public_html/vendor/laravel/framework/src/Illuminate/Encryption/EncryptionServiceProvider.php:83)
[stacktrace]
#0 /home/u187586491/domains/pixfacil.fun/public_html/vendor/laravel/framework/src/Illuminate/Support/helpers.php(393): Illuminate\\Encryption\\EncryptionServiceProvider->Illuminate\\Encryption\\{closure}()
#1 /home/u187586491/domains/pixfacil.fun/public_html/vendor/laravel/framework/src/Illuminate/Encryption/EncryptionServiceProvider.php(81): tap()
#2 /home/u187586491/domains/pixfacil.fun/public_html/vendor/laravel/framework/src/Illuminate/Encryption/EncryptionServiceProvider.php(64): Illuminate\\Encryption\\EncryptionServiceProvider->key()
#3 /home/u187586491/domains/pixfacil.fun/public_html/vendor/laravel/framework/src/Illuminate/Encryption/EncryptionServiceProvider.php(32): Illuminate\\Encryption\\EncryptionServiceProvider->parseKey()
#4 /home/u187586491/domains/pixfacil.fun/public_html/vendor/laravel/framework/src/Illuminate/Container/Container.php(1115): Illuminate\\Encryption\\EncryptionServiceProvider->Illuminate\\Encryption\\{closure}()
#5 /home/u187586491/domains/pixfacil.fun/public_html/vendor/laravel/framework/src/Illuminate/Container/Container.php(933): Illuminate\\Container\\Container->build()
#6 /home/u187586491/domains/pixfacil.fun/public_html/vendor/laravel/framework/src/Illuminate/Foundation/Application.php(1078): Illuminate\\Container\\Container->resolve()
#7 /home/u187586491/domains/pixfacil.fun/public_html/vendor/laravel/framework/src/Illuminate/Container/Container.php(864): Illuminate\\Foundation\\Application->resolve()
#8 /home/u187586491/domains/pixfacil.fun/public_html/vendor/laravel/framework/src/Illuminate/Foundation/Application.php(1058): Illuminate\\Container\\Container->make()
#9 /home/u187586491/domains/pixfacil.fun/public_html/vendor/laravel/framework/src/Illuminate/Container/Container.php(1336): Illuminate\\Foundation\\Application->make()
#10 /home/u187586491/domains/pixfacil.fun/public_html/vendor/laravel/framework/src/Illuminate/Container/Container.php(1237): Illuminate\\Container\\Container->resolveClass()
#11 /home/u187586491/domains/pixfacil.fun/public_html/vendor/laravel/framework/src/Illuminate/Container/Container.php(1162): Illuminate\\Container\\Container->resolveDependencies()
#12 /home/u187586491/domains/pixfacil.fun/public_html/vendor/laravel/framework/src/Illuminate/Container/Container.php(933): Illuminate\\Container\\Container->build()
#13 /home/u187586491/domains/pixfacil.fun/public_html/vendor/laravel/framework/src/Illuminate/Foundation/Application.php(1078): Illuminate\\Container\\Container->resolve()
#14 /home/u187586491/domains/pixfacil.fun/public_html/vendor/laravel/framework/src/Illuminate/Container/Container.php(864): Illuminate\\Foundation\\Application->resolve()
#15 /home/u187586491/domains/pixfacil.fun/public_html/vendor/laravel/framework/src/Illuminate/Foundation/Application.php(1058): Illuminate\\Container\\Container->make()
#16 /home/u187586491/domains/pixfacil.fun/public_html/vendor/laravel/framework/src/Illuminate/Foundation/Http/Kernel.php(257): Illuminate\\Foundation\\Application->make()
#17 /home/u187586491/domains/pixfacil.fun/public_html/vendor/laravel/framework/src/Illuminate/Foundation/Http/Kernel.php(215): Illuminate\\Foundation\\Http\\Kernel->terminateMiddleware()
#18 /home/u187586491/domains/pixfacil.fun/public_html/bootstrap/front.php(55): Illuminate\\Foundation\\Http\\Kernel->terminate()
#19 /home/u187586491/domains/pixfacil.fun/public_html/bootstrap/loader.php(5): require('/home/u18758649...')
#20 /home/u187586491/domains/pixfacil.fun/public_html/public/index.php(4): require('/home/u18758649...')
#21 {main}
"} 
[2026-09-04 13:43:45] production.ERROR: Unsupported cipher or incorrect key length. Supported ciphers are: aes-128-cbc, aes-256-cbc, aes-128-gcm, aes-256-gcm. {"exception":"[object] (RuntimeException(code: 0): Unsupported cipher or incorrect key length. Supported ciphers are: aes-128-cbc, aes-256-cbc, aes-128-gcm, aes-256-gcm. at /home/u187586491/domains/pixfacil.fun/public_html/vendor/laravel/framework/src/Illuminate/Encryption/Encrypter.php:61)
[stacktrace]
#0 /home/u187586491/domains/pixfacil.fun/public_html/vendor/laravel/framework/src/Illuminate/Encryption/EncryptionServiceProvider.php(32): Illuminate\\Encryption\\Encrypter->__construct()
#1 /home/u187586491/domains/pixfacil.fun/public_html/vendor/laravel/framework/src/Illuminate/Container/Container.php(1115): Illuminate\\Encryption\\EncryptionServiceProvider->Illuminate\\Encryption\\{closure}()
#2 /home/u187586491/domains/pixfacil.fun/public_html/vendor/laravel/framework/src/Illuminate/Container/Container.php(933): Illuminate\\Container\\Container->build()
#3 /home/u187586491/domains/pixfacil.fun/public_html/vendor/laravel/framework/src/Illuminate/Foundation/Application.php(1078): Illuminate\\Container\\Container->resolve()
#4 /home/u187586491/domains/pixfacil.fun/public_html/vendor/laravel/framework/src/Illuminate/Container/Container.php(864): Illuminate\\Foundation\\Application->resolve()
#5 /home/u187586491/domains/pixfacil.fun/public_html/vendor/laravel/framework/src/Illuminate/Foundation/Application.php(1058): Illuminate\\Container\\Container->make()
#6 /home/u187586491/domains/pixfacil.fun/public_html/vendor/laravel/framework/src/Illuminate/Container/Container.php(1336): Illuminate\\Foundation\\Application->make()
#7 /home/u187586491/domains/pixfacil.fun/public_html/vendor/laravel/framework/src/Illuminate/Container/Container.php(1237): Illuminate\\Container\\Container->resolveClass()
#8 /home/u187586491/domains/pixfacil.fun/public_html/vendor/laravel/framework/src/Illuminate/Container/Container.php(1162): Illuminate\\Container\\Container->resolveDependencies()
#9 /home/u187586491/domains/pixfacil.fun/public_html/vendor/laravel/framework/src/Illuminate/Container/Container.php(933): Illuminate\\Container\\Container->build()
#10 /home/u187586491/domains/pixfacil.fun/public_html/vendor/laravel/framework/src/Illuminate/Foundation/Application.php(1078): Illuminate\\Container\\Container->resolve()
#11 /home/u187586491/domains/pixfacil.fun/public_html/vendor/laravel/framework/src/Illuminate/Container/Container.php(864): Illuminate\\Foundation\\Application->resolve()
#12 /home/u187586491/domains/pixfacil.fun/public_html/vendor/laravel/framework/src/Illuminate/Foundation/Application.php(1058): Illuminate\\Container\\Container->make()
#13 /home/u187586491/domains/pixfacil.fun/public_html/vendor/laravel/framework/src/Illuminate/Pipeline/Pipeline.php(208): Illuminate\\Foundation\\Application->make()
#14 /home/u187586491/domains/pixfacil.fun/public_html/vendor/laravel/framework/src/Illuminate/Pipeline/Pipeline.php(137): Illuminate\\Pipeline\\Pipeline->Illuminate\\Pipeline\\{closure}()
#15 /home/u187586491/domains/pixfacil.fun/public_html/vendor/laravel/framework/src/Illuminate/Routing/Router.php(821): Illuminate\\Pipeline\\Pipeline->then()
#16 /home/u187586491/domains/pixfacil.fun/public_html/vendor/laravel/framework/src/Illuminate/Routing/Router.php(800): Illuminate\\Routing\\Router->runRouteWithinStack()
#17 /home/u187586491/domains/pixfacil.fun/public_html/vendor/laravel/framework/src/Illuminate/Routing/Router.php(764): Illuminate\\Routing\\Router->runRoute()
#18 /home/u187586491/domains/pixfacil.fun/public_html/vendor/laravel/framework/src/Illuminate/Routing/Router.php(753): Illuminate\\Routing\\Router->dispatchToRoute()
#19 /home/u187586491/domains/pixfacil.fun/public_html/vendor/laravel/framework/src/Illuminate/Foundation/Http/Kernel.php(200): Illuminate\\Routing\\Router->dispatch()
#20 /home/u187586491/domains/pixfacil.fun/public_html/vendor/laravel/framework/src/Illuminate/Pipeline/Pipeline.php(180): Illuminate\\Foundation\\Http\\Kernel->Illuminate\\Foundation\\Http\\{closure}()
#21 /home/u187586491/domains/pixfacil.fun/public_html/vendor/livewire/livewire/src/Features/SupportDisablingBackButtonCache/DisableBackButtonCacheMiddleware.php(19): Illuminate\\Pipeline\\Pipeline->Illuminate\\Pipeline\\{closure}()
#22 /home/u187586491/domains/pixfacil.fun/public_html/vendor/laravel/framework/src/Illuminate/Pipeline/Pipeline.php(219): Livewire\\Features\\SupportDisablingBackButtonCache\\DisableBackButtonCacheMiddleware->handle()
#23 /home/u187586491/domains/pixfacil.fun/public_html/app/Http/Middleware/SetDefaultLanguage.php(20): Illuminate\\Pipeline\\Pipeline->Illuminate\\Pipeline\\{closure}()
#24 /home/u187586491/domains/pixfacil.fun/public_html/vendor/laravel/framework/src/Illuminate/Pipeline/Pipeline.php(219): App\\Http\\Middleware\\SetDefaultLanguage->handle()
#25 /home/u187586491/domains/pixfacil.fun/public_html/vendor/laravel/framework/src/Illuminate/Foundation/Http/Middleware/TransformsRequest.php(21): Illuminate\\Pipeline\\Pipeline->Illuminate\\Pipeline\\{closure}()
#26 /home/u187586491/domains/pixfacil.fun/public_html/vendor/laravel/framework/src/Illuminate/Foundation/Http/Middleware/ConvertEmptyStringsToNull.php(31): Illuminate\\Foundation\\Http\\Middleware\\TransformsRequest->handle()
#27 /home/u187586491/domains/pixfacil.fun/public_html/vendor/laravel/framework/src/Illuminate/Pipeline/Pipeline.php(219): Illuminate\\Foundation\\Http\\Middleware\\ConvertEmptyStringsToNull->handle()
#28 /home/u187586491/domains/pixfacil.fun/public_html/vendor/laravel/framework/src/Illuminate/Foundation/Http/Middleware/TransformsRequest.php(21): Illuminate\\Pipeline\\Pipeline->Illuminate\\Pipeline\\{closure}()
#29 /home/u187586491/domains/pixfacil.fun/public_html/vendor/laravel/framework/src/Illuminate/Foundation/Http/Middleware/TrimStrings.php(51): Illuminate\\Foundation\\Http\\Middleware\\TransformsRequest->handle()
#30 /home/u187586491/domains/pixfacil.fun/public_html/vendor/laravel/framework/src/Illuminate/Pipeline/Pipeline.php(219): Illuminate\\Foundation\\Http\\Middleware\\TrimStrings->handle()
#31 /home/u187586491/domains/pixfacil.fun/public_html/vendor/laravel/framework/src/Illuminate/Http/Middleware/ValidatePostSize.php(27): Illuminate\\Pipeline\\Pipeline->Illuminate\\Pipeline\\{closure}()
#32 /home/u187586491/domains/pixfacil.fun/public_html/vendor/laravel/framework/src/Illuminate/Pipeline/Pipeline.php(219): Illuminate\\Http\\Middleware\\ValidatePostSize->handle()
#33 /home/u187586491/domains/pixfacil.fun/public_html/vendor/laravel/framework/src/Illuminate/Foundation/Http/Middleware/PreventRequestsDuringMaintenance.php(109): Illuminate\\Pipeline\\Pipeline->Illuminate\\Pipeline\\{closure}()
#34 /home/u187586491/domains/pixfacil.fun/public_html/vendor/laravel/framework/src/Illuminate/Pipeline/Pipeline.php(219): Illuminate\\Foundation\\Http\\Middleware\\PreventRequestsDuringMaintenance->handle()
#35 /home/u187586491/domains/pixfacil.fun/public_html/vendor/laravel/framework/src/Illuminate/Http/Middleware/HandleCors.php(61): Illuminate\\Pipeline\\Pipeline->Illuminate\\Pipeline\\{closure}()
#36 /home/u187586491/domains/pixfacil.fun/public_html/vendor/laravel/framework/src/Illuminate/Pipeline/Pipeline.php(219): Illuminate\\Http\\Middleware\\HandleCors->handle()
#37 /home/u187586491/domains/pixfacil.fun/public_html/app/Http/Middleware/SecurityHeaders.php(16): Illuminate\\Pipeline\\Pipeline->Illuminate\\Pipeline\\{closure}()
#38 /home/u187586491/domains/pixfacil.fun/public_html/vendor/laravel/framework/src/Illuminate/Pipeline/Pipeline.php(219): App\\Http\\Middleware\\SecurityHeaders->handle()
#39 /home/u187586491/domains/pixfacil.fun/public_html/vendor/laravel/framework/src/Illuminate/Http/Middleware/TrustProxies.php(58): Illuminate\\Pipeline\\Pipeline->Illuminate\\Pipeline\\{closure}()
#40 /home/u187586491/domains/pixfacil.fun/public_html/vendor/laravel/framework/src/Illuminate/Pipeline/Pipeline.php(219): Illuminate\\Http\\Middleware\\TrustProxies->handle()
#41 /home/u187586491/domains/pixfacil.fun/public_html/vendor/laravel/framework/src/Illuminate/Http/Middleware/TrustHosts.php(78): Illuminate\\Pipeline\\Pipeline->Illuminate\\Pipeline\\{closure}()
#42 /home/u187586491/domains/pixfacil.fun/public_html/vendor/laravel/framework/src/Illuminate/Pipeline/Pipeline.php(219): Illuminate\\Http\\Middleware\\TrustHosts->handle()
#43 /home/u187586491/domains/pixfacil.fun/public_html/vendor/laravel/framework/src/Illuminate/Pipeline/Pipeline.php(137): Illuminate\\Pipeline\\Pipeline->Illuminate\\Pipeline\\{closure}()
#44 /home/u187586491/domains/pixfacil.fun/public_html/vendor/laravel/framework/src/Illuminate/Foundation/Http/Kernel.php(175): Illuminate\\Pipeline\\Pipeline->then()
#45 /home/u187586491/domains/pixfacil.fun/public_html/vendor/laravel/framework/src/Illuminate/Foundation/Http/Kernel.php(144): Illuminate\\Foundation\\Http\\Kernel->sendRequestThroughRouter()
#46 /home/u187586491/domains/pixfacil.fun/public_html/bootstrap/front.php(51): Illuminate\\Foundation\\Http\\Kernel->handle()
#47 /home/u187586491/domains/pixfacil.fun/public_html/bootstrap/loader.php(5): require('/home/u18758649...')
#48 /home/u187586491/domains/pixfacil.fun/public_html/public/index.php(4): require('/home/u18758649...')
#49 {main}
"} 
[2026-09-04 13:43:45] production.ERROR: Unsupported cipher or incorrect key length. Supported ciphers are: aes-128-cbc, aes-256-cbc, aes-128-gcm, aes-256-gcm. {"exception":"[object] (RuntimeException(code: 0): Unsupported cipher or incorrect key length. Supported ciphers are: aes-128-cbc, aes-256-cbc, aes-128-gcm, aes-256-gcm. at /home/u187586491/domains/pixfacil.fun/public_html/vendor/laravel/framework/src/Illuminate/Encryption/Encrypter.php:61)
[stacktrace]
#0 /home/u187586491/domains/pixfacil.fun/public_html/vendor/laravel/framework/src/Illuminate/Encryption/EncryptionServiceProvider.php(32): Illuminate\\Encryption\\Encrypter->__construct()
#1 /home/u187586491/domains/pixfacil.fun/public_html/vendor/laravel/framework/src/Illuminate/Container/Container.php(1115): Illuminate\\Encryption\\EncryptionServiceProvider->Illuminate\\Encryption\\{closure}()
#2 /home/u187586491/domains/pixfacil.fun/public_html/vendor/laravel/framework/src/Illuminate/Container/Container.php(933): Illuminate\\Container\\Container->build()
#3 /home/u187586491/domains/pixfacil.fun/public_html/vendor/laravel/framework/src/Illuminate/Foundation/Application.php(1078): Illuminate\\Container\\Container->resolve()
#4 /home/u187586491/domains/pixfacil.fun/public_html/vendor/laravel/framework/src/Illuminate/Container/Container.php(864): Illuminate\\Foundation\\Application->resolve()
#5 /home/u187586491/domains/pixfacil.fun/public_html/vendor/laravel/framework/src/Illuminate/Foundation/Application.php(1058): Illuminate\\Container\\Container->make()
#6 /home/u187586491/domains/pixfacil.fun/public_html/vendor/laravel/framework/src/Illuminate/Container/Container.php(1336): Illuminate\\Foundation\\Application->make()
#7 /home/u187586491/domains/pixfacil.fun/public_html/vendor/laravel/framework/src/Illuminate/Container/Container.php(1237): Illuminate\\Container\\Container->resolveClass()
#8 /home/u187586491/domains/pixfacil.fun/public_html/vendor/laravel/framework/src/Illuminate/Container/Container.php(1162): Illuminate\\Container\\Container->resolveDependencies()
#9 /home/u187586491/domains/pixfacil.fun/public_html/vendor/laravel/framework/src/Illuminate/Container/Container.php(933): Illuminate\\Container\\Container->build()
#10 /home/u187586491/domains/pixfacil.fun/public_html/vendor/laravel/framework/src/Illuminate/Foundation/Application.php(1078): Illuminate\\Container\\Container->resolve()
#11 /home/u187586491/domains/pixfacil.fun/public_html/vendor/laravel/framework/src/Illuminate/Container/Container.php(864): Illuminate\\Foundation\\Application->resolve()
#12 /home/u187586491/domains/pixfacil.fun/public_html/vendor/laravel/framework/src/Illuminate/Foundation/Application.php(1058): Illuminate\\Container\\Container->make()
#13 /home/u187586491/domains/pixfacil.fun/public_html/vendor/laravel/framework/src/Illuminate/Foundation/Http/Kernel.php(257): Illuminate\\Foundation\\Application->make()
#14 /home/u187586491/domains/pixfacil.fun/public_html/vendor/laravel/framework/src/Illuminate/Foundation/Http/Kernel.php(215): Illuminate\\Foundation\\Http\\Kernel->terminateMiddleware()
#15 /home/u187586491/domains/pixfacil.fun/public_html/bootstrap/front.php(55): Illuminate\\Foundation\\Http\\Kernel->terminate()
#16 /home/u187586491/domains/pixfacil.fun/public_html/bootstrap/loader.php(5): require('/home/u18758649...')
#17 /home/u187586491/domains/pixfacil.fun/public_html/public/index.php(4): require('/home/u18758649...')
#18 {main}
"} 
[2026-09-04 13:47:18] production.ERROR: SQLSTATE[42S02]: Base table or view not found: 1146 Table 'u187586491_nomad.house_games' doesn't exist (Connection: mysql, Host: 127.0.0.1, Port: 3306, Database: u187586491_nomad, SQL: select * from `house_games` where `active` = 1 and `show_home` = 1 order by `sort_order` asc, `name` asc) {"exception":"[object] (Illuminate\\Database\\QueryException(code: 42S02): SQLSTATE[42S02]: Base table or view not found: 1146 Table 'u187586491_nomad.house_games' doesn't exist (Connection: mysql, Host: 127.0.0.1, Port: 3306, Database: u187586491_nomad, SQL: select * from `house_games` where `active` = 1 and `show_home` = 1 order by `sort_order` asc, `name` asc) at /home/u187586491/domains/pixfacil.fun/public_html/vendor/laravel/framework/src/Illuminate/Database/Connection.php:838)
[stacktrace]
#0 /home/u187586491/domains/pixfacil.fun/public_html/vendor/laravel/framework/src/Illuminate/Database/Connection.php(794): Illuminate\\Database\\Connection->runQueryCallback()
#1 /home/u187586491/domains/pixfacil.fun/public_html/vendor/laravel/framework/src/Illuminate/Database/Connection.php(411): Illuminate\\Database\\Connection->run()
#2 /home/u187586491/domains/pixfacil.fun/public_html/vendor/laravel/framework/src/Illuminate/Database/Query/Builder.php(3505): Illuminate\\Database\\Connection->select()
#3 /home/u187586491/domains/pixfacil.fun/public_html/vendor/laravel/framework/src/Illuminate/Database/Query/Builder.php(3490): Illuminate\\Database\\Query\\Builder->runSelect()
#4 /home/u187586491/domains/pixfacil.fun/public_html/vendor/laravel/framework/src/Illuminate/Database/Query/Builder.php(4080): Illuminate\\Database\\Query\\Builder->Illuminate\\Database\\Query\\{closure}()
#5 /home/u187586491/domains/pixfacil.fun/public_html/vendor/laravel/framework/src/Illuminate/Database/Query/Builder.php(3489): Illuminate\\Database\\Query\\Builder->onceWithColumns()
#6 /home/u187586491/domains/pixfacil.fun/public_html/vendor/laravel/framework/src/Illuminate/Database/Eloquent/Builder.php(902): Illuminate\\Database\\Query\\Builder->get()
#7 /home/u187586491/domains/pixfacil.fun/public_html/vendor/laravel/framework/src/Illuminate/Database/Eloquent/Builder.php(884): Illuminate\\Database\\Eloquent\\Builder->getModels()
#8 /home/u187586491/domains/pixfacil.fun/public_html/app/Http/Controllers/Api/Retro/RetroGameController.php(31): Illuminate\\Database\\Eloquent\\Builder->get()
#9 /home/u187586491/domains/pixfacil.fun/public_html/vendor/laravel/framework/src/Illuminate/Routing/Controller.php(54): App\\Http\\Controllers\\Api\\Retro\\RetroGameController->index()
#10 /home/u187586491/domains/pixfacil.fun/public_html/vendor/laravel/framework/src/Illuminate/Routing/ControllerDispatcher.php(43): Illuminate\\Routing\\Controller->callAction()
#11 /home/u187586491/domains/pixfacil.fun/public_html/vendor/laravel/framework/src/Illuminate/Routing/Route.php(265): Illuminate\\Routing\\ControllerDispatcher->dispatch()
#12 /home/u187586491/domains/pixfacil.fun/public_html/vendor/laravel/framework/src/Illuminate/Routing/Route.php(211): Illuminate\\Routing\\Route->runController()
#13 /home/u187586491/domains/pixfacil.fun/public_html/vendor/laravel/framework/src/Illuminate/Routing/Router.php(822): Illuminate\\Routing\\Route->run()
#14 /home/u187586491/domains/pixfacil.fun/public_html/vendor/laravel/framework/src/Illuminate/Pipeline/Pipeline.php(180): Illuminate\\Routing\\Router->Illuminate\\Routing\\{closure}()
#15 /home/u187586491/domains/pixfacil.fun/public_html/vendor/laravel/framework/src/Illuminate/Routing/Middleware/SubstituteBindings.php(50): Illuminate\\Pipeline\\Pipeline->Illuminate\\Pipeline\\{closure}()
#16 /home/u187586491/domains/pixfacil.fun/public_html/vendor/laravel/framework/src/Illuminate/Pipeline/Pipeline.php(219): Illuminate\\Routing\\Middleware\\SubstituteBindings->handle()
#17 /home/u187586491/domains/pixfacil.fun/public_html/vendor/laravel/framework/src/Illuminate/Routing/Middleware/ThrottleRequests.php(166): Illuminate\\Pipeline\\Pipeline->Illuminate\\Pipeline\\{closure}()
#18 /home/u187586491/domains/pixfacil.fun/public_html/vendor/laravel/framework/src/Illuminate/Routing/Middleware/ThrottleRequests.php(129): Illuminate\\Routing\\Middleware\\ThrottleRequests->handleRequest()
#19 /home/u187586491/domains/pixfacil.fun/public_html/vendor/laravel/framework/src/Illuminate/Routing/Middleware/ThrottleRequests.php(90): Illuminate\\Routing\\Middleware\\ThrottleRequests->handleRequestUsingNamedLimiter()
#20 /home/u187586491/domains/pixfacil.fun/public_html/vendor/laravel/framework/src/Illuminate/Pipeline/Pipeline.php(219): Illuminate\\Routing\\Middleware\\ThrottleRequests->handle()
#21 /home/u187586491/domains/pixfacil.fun/public_html/vendor/laravel/framework/src/Illuminate/Pipeline/Pipeline.php(137): Illuminate\\Pipeline\\Pipeline->Illuminate\\Pipeline\\{closure}()
#22 /home/u187586491/domains/pixfacil.fun/public_html/vendor/laravel/framework/src/Illuminate/Routing/Router.php(821): Illuminate\\Pipeline\\Pipeline->then()
#23 /home/u187586491/domains/pixfacil.fun/public_html/vendor/laravel/framework/src/Illuminate/Routing/Router.php(800): Illuminate\\Routing\\Router->runRouteWithinStack()
#24 /home/u187586491/domains/pixfacil.fun/public_html/vendor/laravel/framework/src/Illuminate/Routing/Router.php(764): Illuminate\\Routing\\Router->runRoute()
#25 /home/u187586491/domains/pixfacil.fun/public_html/vendor/laravel/framework/src/Illuminate/Routing/Router.php(753): Illuminate\\Routing\\Router->dispatchToRoute()
#26 /home/u187586491/domains/pixfacil.fun/public_html/vendor/laravel/framework/src/Illuminate/Foundation/Http/Kernel.php(200): Illuminate\\Routing\\Router->dispatch()
#27 /home/u187586491/domains/pixfacil.fun/public_html/vendor/laravel/framework/src/Illuminate/Pipeline/Pipeline.php(180): Illuminate\\Foundation\\Http\\Kernel->Illuminate\\Foundation\\Http\\{closure}()
#28 /home/u187586491/domains/pixfacil.fun/public_html/vendor/livewire/livewire/src/Features/SupportDisablingBackButtonCache/DisableBackButtonCacheMiddleware.php(19): Illuminate\\Pipeline\\Pipeline->Illuminate\\Pipeline\\{closure}()
#29 /home/u187586491/domains/pixfacil.fun/public_html/vendor/laravel/framework/src/Illuminate/Pipeline/Pipeline.php(219): Livewire\\Features\\SupportDisablingBackButtonCache\\DisableBackButtonCacheMiddleware->handle()
#30 /home/u187586491/domains/pixfacil.fun/public_html/app/Http/Middleware/SetDefaultLanguage.php(20): Illuminate\\Pipeline\\Pipeline->Illuminate\\Pipeline\\{closure}()
#31 /home/u187586491/domains/pixfacil.fun/public_html/vendor/laravel/framework/src/Illuminate/Pipeline/Pipeline.php(219): App\\Http\\Middleware\\SetDefaultLanguage->handle()
#32 /home/u187586491/domains/pixfacil.fun/public_html/vendor/laravel/framework/src/Illuminate/Foundation/Http/Middleware/TransformsRequest.php(21): Illuminate\\Pipeline\\Pipeline->Illuminate\\Pipeline\\{closure}()
#33 /home/u187586491/domains/pixfacil.fun/public_html/vendor/laravel/framework/src/Illuminate/Foundation/Http/Middleware/ConvertEmptyStringsToNull.php(31): Illuminate\\Foundation\\Http\\Middleware\\TransformsRequest->handle()
#34 /home/u187586491/domains/pixfacil.fun/public_html/vendor/laravel/framework/src/Illuminate/Pipeline/Pipeline.php(219): Illuminate\\Foundation\\Http\\Middleware\\ConvertEmptyStringsToNull->handle()
#35 /home/u187586491/domains/pixfacil.fun/public_html/vendor/laravel/framework/src/Illuminate/Foundation/Http/Middleware/TransformsRequest.php(21): Illuminate\\Pipeline\\Pipeline->Illuminate\\Pipeline\\{closure}()
#36 /home/u187586491/domains/pixfacil.fun/public_html/vendor/laravel/framework/src/Illuminate/Foundation/Http/Middleware/TrimStrings.php(51): Illuminate\\Foundation\\Http\\Middleware\\TransformsRequest->handle()
#37 /home/u187586491/domains/pixfacil.fun/public_html/vendor/laravel/framework/src/Illuminate/Pipeline/Pipeline.php(219): Illuminate\\Foundation\\Http\\Middleware\\TrimStrings->handle()
#38 /home/u187586491/domains/pixfacil.fun/public_html/vendor/laravel/framework/src/Illuminate/Http/Middleware/ValidatePostSize.php(27): Illuminate\\Pipeline\\Pipeline->Illuminate\\Pipeline\\{closure}()
#39 /home/u187586491/domains/pixfacil.fun/public_html/vendor/laravel/framework/src/Illuminate/Pipeline/Pipeline.php(219): Illuminate\\Http\\Middleware\\ValidatePostSize->handle()
#40 /home/u187586491/domains/pixfacil.fun/public_html/vendor/laravel/framework/src/Illuminate/Foundation/Http/Middleware/PreventRequestsDuringMaintenance.php(109): Illuminate\\Pipeline\\Pipeline->Illuminate\\Pipeline\\{closure}()
#41 /home/u187586491/domains/pixfacil.fun/public_html/vendor/laravel/framework/src/Illuminate/Pipeline/Pipeline.php(219): Illuminate\\Foundation\\Http\\Middleware\\PreventRequestsDuringMaintenance->handle()
#42 /home/u187586491/domains/pixfacil.fun/public_html/vendor/laravel/framework/src/Illuminate/Http/Middleware/HandleCors.php(74): Illuminate\\Pipeline\\Pipeline->Illuminate\\Pipeline\\{closure}()
#43 /home/u187586491/domains/pixfacil.fun/public_html/vendor/laravel/framework/src/Illuminate/Pipeline/Pipeline.php(219): Illuminate\\Http\\Middleware\\HandleCors->handle()
#44 /home/u187586491/domains/pixfacil.fun/public_html/app/Http/Middleware/SecurityHeaders.php(16): Illuminate\\Pipeline\\Pipeline->Illuminate\\Pipeline\\{closure}()
#45 /home/u187586491/domains/pixfacil.fun/public_html/vendor/laravel/framework/src/Illuminate/Pipeline/Pipeline.php(219): App\\Http\\Middleware\\SecurityHeaders->handle()
#46 /home/u187586491/domains/pixfacil.fun/public_html/vendor/laravel/framework/src/Illuminate/Http/Middleware/TrustProxies.php(58): Illuminate\\Pipeline\\Pipeline->Illuminate\\Pipeline\\{closure}()
#47 /home/u187586491/domains/pixfacil.fun/public_html/vendor/laravel/framework/src/Illuminate/Pipeline/Pipeline.php(219): Illuminate\\Http\\Middleware\\TrustProxies->handle()
#48 /home/u187586491/domains/pixfacil.fun/public_html/vendor/laravel/framework/src/Illuminate/Http/Middleware/TrustHosts.php(78): Illuminate\\Pipeline\\Pipeline->Illuminate\\Pipeline\\{closure}()
#49 /home/u187586491/domains/pixfacil.fun/public_html/vendor/laravel/framework/src/Illuminate/Pipeline/Pipeline.php(219): Illuminate\\Http\\Middleware\\TrustHosts->handle()
#50 /home/u187586491/domains/pixfacil.fun/public_html/vendor/laravel/framework/src/Illuminate/Pipeline/Pipeline.php(137): Illuminate\\Pipeline\\Pipeline->Illuminate\\Pipeline\\{closure}()
#51 /home/u187586491/domains/pixfacil.fun/public_html/vendor/laravel/framework/src/Illuminate/Foundation/Http/Kernel.php(175): Illuminate\\Pipeline\\Pipeline->then()
#52 /home/u187586491/domains/pixfacil.fun/public_html/vendor/laravel/framework/src/Illuminate/Foundation/Http/Kernel.php(144): Illuminate\\Foundation\\Http\\Kernel->sendRequestThroughRouter()
#53 /home/u187586491/domains/pixfacil.fun/public_html/bootstrap/front.php(51): Illuminate\\Foundation\\Http\\Kernel->handle()
#54 /home/u187586491/domains/pixfacil.fun/public_html/bootstrap/loader.php(5): require('/home/u18758649...')
#55 /home/u187586491/domains/pixfacil.fun/public_html/public/index.php(4): require('/home/u18758649...')
#56 {main}

[previous exception] [object] (PDOException(code: 42S02): SQLSTATE[42S02]: Base table or view not found: 1146 Table 'u187586491_nomad.house_games' doesn't exist at /home/u187586491/domains/pixfacil.fun/public_html/vendor/laravel/framework/src/Illuminate/Database/Connection.php:420)
[stacktrace]
#0 /home/u187586491/domains/pixfacil.fun/public_html/vendor/laravel/framework/src/Illuminate/Database/Connection.php(420): PDO->prepare()
#1 /home/u187586491/domains/pixfacil.fun/public_html/vendor/laravel/framework/src/Illuminate/Database/Connection.php(827): Illuminate\\Database\\Connection->Illuminate\\Database\\{closure}()
#2 /home/u187586491/domains/pixfacil.fun/public_html/vendor/laravel/framework/src/Illuminate/Database/Connection.php(794): Illuminate\\Database\\Connection->runQueryCallback()
#3 /home/u187586491/domains/pixfacil.fun/public_html/vendor/laravel/framework/src/Illuminate/Database/Connection.php(411): Illuminate\\Database\\Connection->run()
#4 /home/u187586491/domains/pixfacil.fun/public_html/vendor/laravel/framework/src/Illuminate/Database/Query/Builder.php(3505): Illuminate\\Database\\Connection->select()
#5 /home/u187586491/domains/pixfacil.fun/public_html/vendor/laravel/framework/src/Illuminate/Database/Query/Builder.php(3490): Illuminate\\Database\\Query\\Builder->runSelect()
#6 /home/u187586491/domains/pixfacil.fun/public_html/vendor/laravel/framework/src/Illuminate/Database/Query/Builder.php(4080): Illuminate\\Database\\Query\\Builder->Illuminate\\Database\\Query\\{closure}()
#7 /home/u187586491/domains/pixfacil.fun/public_html/vendor/laravel/framework/src/Illuminate/Database/Query/Builder.php(3489): Illuminate\\Database\\Query\\Builder->onceWithColumns()
#8 /home/u187586491/domains/pixfacil.fun/public_html/vendor/laravel/framework/src/Illuminate/Database/Eloquent/Builder.php(902): Illuminate\\Database\\Query\\Builder->get()
#9 /home/u187586491/domains/pixfacil.fun/public_html/vendor/laravel/framework/src/Illuminate/Database/Eloquent/Builder.php(884): Illuminate\\Database\\Eloquent\\Builder->getModels()
#10 /home/u187586491/domains/pixfacil.fun/public_html/app/Http/Controllers/Api/Retro/RetroGameController.php(31): Illuminate\\Database\\Eloquent\\Builder->get()
#11 /home/u187586491/domains/pixfacil.fun/public_html/vendor/laravel/framework/src/Illuminate/Routing/Controller.php(54): App\\Http\\Controllers\\Api\\Retro\\RetroGameController->index()
#12 /home/u187586491/domains/pixfacil.fun/public_html/vendor/laravel/framework/src/Illuminate/Routing/ControllerDispatcher.php(43): Illuminate\\Routing\\Controller->callAction()
#13 /home/u187586491/domains/pixfacil.fun/public_html/vendor/laravel/framework/src/Illuminate/Routing/Route.php(265): Illuminate\\Routing\\ControllerDispatcher->dispatch()
#14 /home/u187586491/domains/pixfacil.fun/public_html/vendor/laravel/framework/src/Illuminate/Routing/Route.php(211): Illuminate\\Routing\\Route->runController()
#15 /home/u187586491/domains/pixfacil.fun/public_html/vendor/laravel/framework/src/Illuminate/Routing/Router.php(822): Illuminate\\Routing\\Route->run()
#16 /home/u187586491/domains/pixfacil.fun/public_html/vendor/laravel/framework/src/Illuminate/Pipeline/Pipeline.php(180): Illuminate\\Routing\\Router->Illuminate\\Routing\\{closure}()
#17 /home/u187586491/domains/pixfacil.fun/public_html/vendor/laravel/framework/src/Illuminate/Routing/Middleware/SubstituteBindings.php(50): Illuminate\\Pipeline\\Pipeline->Illuminate\\Pipeline\\{closure}()
#18 /home/u187586491/domains/pixfacil.fun/public_html/vendor/laravel/framework/src/Illuminate/Pipeline/Pipeline.php(219): Illuminate\\Routing\\Middleware\\SubstituteBindings->handle()
#19 /home/u187586491/domains/pixfacil.fun/public_html/vendor/laravel/framework/src/Illuminate/Routing/Middleware/ThrottleRequests.php(166): Illuminate\\Pipeline\\Pipeline->Illuminate\\Pipeline\\{closure}()
#20 /home/u187586491/domains/pixfacil.fun/public_html/vendor/laravel/framework/src/Illuminate/Routing/Middleware/ThrottleRequests.php(129): Illuminate\\Routing\\Middleware\\ThrottleRequests->handleRequest()
#21 /home/u187586491/domains/pixfacil.fun/public_html/vendor/laravel/framework/src/Illuminate/Routing/Middleware/ThrottleRequests.php(90): Illuminate\\Routing\\Middleware\\ThrottleRequests->handleRequestUsingNamedLimiter()
#22 /home/u187586491/domains/pixfacil.fun/public_html/vendor/laravel/framework/src/Illuminate/Pipeline/Pipeline.php(219): Illuminate\\Routing\\Middleware\\ThrottleRequests->handle()
#23 /home/u187586491/domains/pixfacil.fun/public_html/vendor/laravel/framework/src/Illuminate/Pipeline/Pipeline.php(137): Illuminate\\Pipeline\\Pipeline->Illuminate\\Pipeline\\{closure}()
#24 /home/u187586491/domains/pixfacil.fun/public_html/vendor/laravel/framework/src/Illuminate/Routing/Router.php(821): Illuminate\\Pipeline\\Pipeline->then()
#25 /home/u187586491/domains/pixfacil.fun/public_html/vendor/laravel/framework/src/Illuminate/Routing/Router.php(800): Illuminate\\Routing\\Router->runRouteWithinStack()
#26 /home/u187586491/domains/pixfacil.fun/public_html/vendor/laravel/framework/src/Illuminate/Routing/Router.php(764): Illuminate\\Routing\\Router->runRoute()
#27 /home/u187586491/domains/pixfacil.fun/public_html/vendor/laravel/framework/src/Illuminate/Routing/Router.php(753): Illuminate\\Routing\\Router->dispatchToRoute()
#28 /home/u187586491/domains/pixfacil.fun/public_html/vendor/laravel/framework/src/Illuminate/Foundation/Http/Kernel.php(200): Illuminate\\Routing\\Router->dispatch()
#29 /home/u187586491/domains/pixfacil.fun/public_html/vendor/laravel/framework/src/Illuminate/Pipeline/Pipeline.php(180): Illuminate\\Foundation\\Http\\Kernel->Illuminate\\Foundation\\Http\\{closure}()
#30 /home/u187586491/domains/pixfacil.fun/public_html/vendor/livewire/livewire/src/Features/SupportDisablingBackButtonCache/DisableBackButtonCacheMiddleware.php(19): Illuminate\\Pipeline\\Pipeline->Illuminate\\Pipeline\\{closure}()
#31 /home/u187586491/domains/pixfacil.fun/public_html/vendor/laravel/framework/src/Illuminate/Pipeline/Pipeline.php(219): Livewire\\Features\\SupportDisablingBackButtonCache\\DisableBackButtonCacheMiddleware->handle()
#32 /home/u187586491/domains/pixfacil.fun/public_html/app/Http/Middleware/SetDefaultLanguage.php(20): Illuminate\\Pipeline\\Pipeline->Illuminate\\Pipeline\\{closure}()
#33 /home/u187586491/domains/pixfacil.fun/public_html/vendor/laravel/framework/src/Illuminate/Pipeline/Pipeline.php(219): App\\Http\\Middleware\\SetDefaultLanguage->handle()
#34 /home/u187586491/domains/pixfacil.fun/public_html/vendor/laravel/framework/src/Illuminate/Foundation/Http/Middleware/TransformsRequest.php(21): Illuminate\\Pipeline\\Pipeline->Illuminate\\Pipeline\\{closure}()
#35 /home/u187586491/domains/pixfacil.fun/public_html/vendor/laravel/framework/src/Illuminate/Foundation/Http/Middleware/ConvertEmptyStringsToNull.php(31): Illuminate\\Foundation\\Http\\Middleware\\TransformsRequest->handle()
#36 /home/u187586491/domains/pixfacil.fun/public_html/vendor/laravel/framework/src/Illuminate/Pipeline/Pipeline.php(219): Illuminate\\Foundation\\Http\\Middleware\\ConvertEmptyStringsToNull->handle()
#37 /home/u187586491/domains/pixfacil.fun/public_html/vendor/laravel/framework/src/Illuminate/Foundation/Http/Middleware/TransformsRequest.php(21): Illuminate\\Pipeline\\Pipeline->Illuminate\\Pipeline\\{closure}()
#38 /home/u187586491/domains/pixfacil.fun/public_html/vendor/laravel/framework/src/Illuminate/Foundation/Http/Middleware/TrimStrings.php(51): Illuminate\\Foundation\\Http\\Middleware\\TransformsRequest->handle()
#39 /home/u187586491/domains/pixfacil.fun/public_html/vendor/laravel/framework/src/Illuminate/Pipeline/Pipeline.php(219): Illuminate\\Foundation\\Http\\Middleware\\TrimStrings->handle()
#40 /home/u187586491/domains/pixfacil.fun/public_html/vendor/laravel/framework/src/Illuminate/Http/Middleware/ValidatePostSize.php(27): Illuminate\\Pipeline\\Pipeline->Illuminate\\Pipeline\\{closure}()
#41 /home/u187586491/domains/pixfacil.fun/public_html/vendor/laravel/framework/src/Illuminate/Pipeline/Pipeline.php(219): Illuminate\\Http\\Middleware\\ValidatePostSize->handle()
#42 /home/u187586491/domains/pixfacil.fun/public_html/vendor/laravel/framework/src/Illuminate/Foundation/Http/Middleware/PreventRequestsDuringMaintenance.php(109): Illuminate\\Pipeline\\Pipeline->Illuminate\\Pipeline\\{closure}()
#43 /home/u187586491/domains/pixfacil.fun/public_html/vendor/laravel/framework/src/Illuminate/Pipeline/Pipeline.php(219): Illuminate\\Foundation\\Http\\Middleware\\PreventRequestsDuringMaintenance->handle()
#44 /home/u187586491/domains/pixfacil.fun/public_html/vendor/laravel/framework/src/Illuminate/Http/Middleware/HandleCors.php(74): Illuminate\\Pipeline\\Pipeline->Illuminate\\Pipeline\\{closure}()
#45 /home/u187586491/domains/pixfacil.fun/public_html/vendor/laravel/framework/src/Illuminate/Pipeline/Pipeline.php(219): Illuminate\\Http\\Middleware\\HandleCors->handle()
#46 /home/u187586491/domains/pixfacil.fun/public_html/app/Http/Middleware/SecurityHeaders.php(16): Illuminate\\Pipeline\\Pipeline->Illuminate\\Pipeline\\{closure}()
#47 /home/u187586491/domains/pixfacil.fun/public_html/vendor/laravel/framework/src/Illuminate/Pipeline/Pipeline.php(219): App\\Http\\Middleware\\SecurityHeaders->handle()
#48 /home/u187586491/domains/pixfacil.fun/public_html/vendor/laravel/framework/src/Illuminate/Http/Middleware/TrustProxies.php(58): Illuminate\\Pipeline\\Pipeline->Illuminate\\Pipeline\\{closure}()
#49 /home/u187586491/domains/pixfacil.fun/public_html/vendor/laravel/framework/src/Illuminate/Pipeline/Pipeline.php(219): Illuminate\\Http\\Middleware\\TrustProxies->handle()
#50 /home/u187586491/domains/pixfacil.fun/public_html/vendor/laravel/framework/src/Illuminate/Http/Middleware/TrustHosts.php(78): Illuminate\\Pipeline\\Pipeline->Illuminate\\Pipeline\\{closure}()
#51 /home/u187586491/domains/pixfacil.fun/public_html/vendor/laravel/framework/src/Illuminate/Pipeline/Pipeline.php(219): Illuminate\\Http\\Middleware\\TrustHosts->handle()
#52 /home/u187586491/domains/pixfacil.fun/public_html/vendor/laravel/framework/src/Illuminate/Pipeline/Pipeline.php(137): Illuminate\\Pipeline\\Pipeline->Illuminate\\Pipeline\\{closure}()
#53 /home/u187586491/domains/pixfacil.fun/public_html/vendor/laravel/framework/src/Illuminate/Foundation/Http/Kernel.php(175): Illuminate\\Pipeline\\Pipeline->then()
#54 /home/u187586491/domains/pixfacil.fun/public_html/vendor/laravel/framework/src/Illuminate/Foundation/Http/Kernel.php(144): Illuminate\\Foundation\\Http\\Kernel->sendRequestThroughRouter()
#55 /home/u187586491/domains/pixfacil.fun/public_html/bootstrap/front.php(51): Illuminate\\Foundation\\Http\\Kernel->handle()
#56 /home/u187586491/domains/pixfacil.fun/public_html/bootstrap/loader.php(5): require('/home/u18758649...')
#57 /home/u187586491/domains/pixfacil.fun/public_html/public/index.php(4): require('/home/u18758649...')
#58 {main}
"} 
[2026-09-04 13:47:51] production.ERROR: SQLSTATE[42S02]: Base table or view not found: 1146 Table 'u187586491_nomad.house_games' doesn't exist (Connection: mysql, Host: 127.0.0.1, Port: 3306, Database: u187586491_nomad, SQL: select * from `house_games` where `active` = 1 and `show_home` = 1 order by `sort_order` asc, `name` asc) {"exception":"[object] (Illuminate\\Database\\QueryException(code: 42S02): SQLSTATE[42S02]: Base table or view not found: 1146 Table 'u187586491_nomad.house_games' doesn't exist (Connection: mysql, Host: 127.0.0.1, Port: 3306, Database: u187586491_nomad, SQL: select * from `house_games` where `active` = 1 and `show_home` = 1 order by `sort_order` asc, `name` asc) at /home/u187586491/domains/pixfacil.fun/public_html/vendor/laravel/framework/src/Illuminate/Database/Connection.php:838)
[stacktrace]
#0 /home/u187586491/domains/pixfacil.fun/public_html/vendor/laravel/framework/src/Illuminate/Database/Connection.php(794): Illuminate\\Database\\Connection->runQueryCallback()
#1 /home/u187586491/domains/pixfacil.fun/public_html/vendor/laravel/framework/src/Illuminate/Database/Connection.php(411): Illuminate\\Database\\Connection->run()
#2 /home/u187586491/domains/pixfacil.fun/public_html/vendor/laravel/framework/src/Illuminate/Database/Query/Builder.php(3505): Illuminate\\Database\\Connection->select()
#3 /home/u187586491/domains/pixfacil.fun/public_html/vendor/laravel/framework/src/Illuminate/Database/Query/Builder.php(3490): Illuminate\\Database\\Query\\Builder->runSelect()
#4 /home/u187586491/domains/pixfacil.fun/public_html/vendor/laravel/framework/src/Illuminate/Database/Query/Builder.php(4080): Illuminate\\Database\\Query\\Builder->Illuminate\\Database\\Query\\{closure}()
#5 /home/u187586491/domains/pixfacil.fun/public_html/vendor/laravel/framework/src/Illuminate/Database/Query/Builder.php(3489): Illuminate\\Database\\Query\\Builder->onceWithColumns()
#6 /home/u187586491/domains/pixfacil.fun/public_html/vendor/laravel/framework/src/Illuminate/Database/Eloquent/Builder.php(902): Illuminate\\Database\\Query\\Builder->get()
#7 /home/u187586491/domains/pixfacil.fun/public_html/vendor/laravel/framework/src/Illuminate/Database/Eloquent/Builder.php(884): Illuminate\\Database\\Eloquent\\Builder->getModels()
#8 /home/u187586491/domains/pixfacil.fun/public_html/app/Http/Controllers/Api/Retro/RetroGameController.php(31): Illuminate\\Database\\Eloquent\\Builder->get()
#9 /home/u187586491/domains/pixfacil.fun/public_html/vendor/laravel/framework/src/Illuminate/Routing/Controller.php(54): App\\Http\\Controllers\\Api\\Retro\\RetroGameController->index()
#10 /home/u187586491/domains/pixfacil.fun/public_html/vendor/laravel/framework/src/Illuminate/Routing/ControllerDispatcher.php(43): Illuminate\\Routing\\Controller->callAction()
#11 /home/u187586491/domains/pixfacil.fun/public_html/vendor/laravel/framework/src/Illuminate/Routing/Route.php(265): Illuminate\\Routing\\ControllerDispatcher->dispatch()
#12 /home/u187586491/domains/pixfacil.fun/public_html/vendor/laravel/framework/src/Illuminate/Routing/Route.php(211): Illuminate\\Routing\\Route->runController()
#13 /home/u187586491/domains/pixfacil.fun/public_html/vendor/laravel/framework/src/Illuminate/Routing/Router.php(822): Illuminate\\Routing\\Route->run()
#14 /home/u187586491/domains/pixfacil.fun/public_html/vendor/laravel/framework/src/Illuminate/Pipeline/Pipeline.php(180): Illuminate\\Routing\\Router->Illuminate\\Routing\\{closure}()
#15 /home/u187586491/domains/pixfacil.fun/public_html/vendor/laravel/framework/src/Illuminate/Routing/Middleware/SubstituteBindings.php(50): Illuminate\\Pipeline\\Pipeline->Illuminate\\Pipeline\\{closure}()
#16 /home/u187586491/domains/pixfacil.fun/public_html/vendor/laravel/framework/src/Illuminate/Pipeline/Pipeline.php(219): Illuminate\\Routing\\Middleware\\SubstituteBindings->handle()
#17 /home/u187586491/domains/pixfacil.fun/public_html/vendor/laravel/framework/src/Illuminate/Routing/Middleware/ThrottleRequests.php(166): Illuminate\\Pipeline\\Pipeline->Illuminate\\Pipeline\\{closure}()
#18 /home/u187586491/domains/pixfacil.fun/public_html/vendor/laravel/framework/src/Illuminate/Routing/Middleware/ThrottleRequests.php(129): Illuminate\\Routing\\Middleware\\ThrottleRequests->handleRequest()
#19 /home/u187586491/domains/pixfacil.fun/public_html/vendor/laravel/framework/src/Illuminate/Routing/Middleware/ThrottleRequests.php(90): Illuminate\\Routing\\Middleware\\ThrottleRequests->handleRequestUsingNamedLimiter()
#20 /home/u187586491/domains/pixfacil.fun/public_html/vendor/laravel/framework/src/Illuminate/Pipeline/Pipeline.php(219): Illuminate\\Routing\\Middleware\\ThrottleRequests->handle()
#21 /home/u187586491/domains/pixfacil.fun/public_html/vendor/laravel/framework/src/Illuminate/Pipeline/Pipeline.php(137): Illuminate\\Pipeline\\Pipeline->Illuminate\\Pipeline\\{closure}()
#22 /home/u187586491/domains/pixfacil.fun/public_html/vendor/laravel/framework/src/Illuminate/Routing/Router.php(821): Illuminate\\Pipeline\\Pipeline->then()
#23 /home/u187586491/domains/pixfacil.fun/public_html/vendor/laravel/framework/src/Illuminate/Routing/Router.php(800): Illuminate\\Routing\\Router->runRouteWithinStack()
#24 /home/u187586491/domains/pixfacil.fun/public_html/vendor/laravel/framework/src/Illuminate/Routing/Router.php(764): Illuminate\\Routing\\Router->runRoute()
#25 /home/u187586491/domains/pixfacil.fun/public_html/vendor/laravel/framework/src/Illuminate/Routing/Router.php(753): Illuminate\\Routing\\Router->dispatchToRoute()
#26 /home/u187586491/domains/pixfacil.fun/public_html/vendor/laravel/framework/src/Illuminate/Foundation/Http/Kernel.php(200): Illuminate\\Routing\\Router->dispatch()
#27 /home/u187586491/domains/pixfacil.fun/public_html/vendor/laravel/framework/src/Illuminate/Pipeline/Pipeline.php(180): Illuminate\\Foundation\\Http\\Kernel->Illuminate\\Foundation\\Http\\{closure}()
#28 /home/u187586491/domains/pixfacil.fun/public_html/vendor/livewire/livewire/src/Features/SupportDisablingBackButtonCache/DisableBackButtonCacheMiddleware.php(19): Illuminate\\Pipeline\\Pipeline->Illuminate\\Pipeline\\{closure}()
#29 /home/u187586491/domains/pixfacil.fun/public_html/vendor/laravel/framework/src/Illuminate/Pipeline/Pipeline.php(219): Livewire\\Features\\SupportDisablingBackButtonCache\\DisableBackButtonCacheMiddleware->handle()
#30 /home/u187586491/domains/pixfacil.fun/public_html/app/Http/Middleware/SetDefaultLanguage.php(20): Illuminate\\Pipeline\\Pipeline->Illuminate\\Pipeline\\{closure}()
#31 /home/u187586491/domains/pixfacil.fun/public_html/vendor/laravel/framework/src/Illuminate/Pipeline/Pipeline.php(219): App\\Http\\Middleware\\SetDefaultLanguage->handle()
#32 /home/u187586491/domains/pixfacil.fun/public_html/vendor/laravel/framework/src/Illuminate/Foundation/Http/Middleware/TransformsRequest.php(21): Illuminate\\Pipeline\\Pipeline->Illuminate\\Pipeline\\{closure}()
#33 /home/u187586491/domains/pixfacil.fun/public_html/vendor/laravel/framework/src/Illuminate/Foundation/Http/Middleware/ConvertEmptyStringsToNull.php(31): Illuminate\\Foundation\\Http\\Middleware\\TransformsRequest->handle()
#34 /home/u187586491/domains/pixfacil.fun/public_html/vendor/laravel/framework/src/Illuminate/Pipeline/Pipeline.php(219): Illuminate\\Foundation\\Http\\Middleware\\ConvertEmptyStringsToNull->handle()
#35 /home/u187586491/domains/pixfacil.fun/public_html/vendor/laravel/framework/src/Illuminate/Foundation/Http/Middleware/TransformsRequest.php(21): Illuminate\\Pipeline\\Pipeline->Illuminate\\Pipeline\\{closure}()
#36 /home/u187586491/domains/pixfacil.fun/public_html/vendor/laravel/framework/src/Illuminate/Foundation/Http/Middleware/TrimStrings.php(51): Illuminate\\Foundation\\Http\\Middleware\\TransformsRequest->handle()
#37 /home/u187586491/domains/pixfacil.fun/public_html/vendor/laravel/framework/src/Illuminate/Pipeline/Pipeline.php(219): Illuminate\\Foundation\\Http\\Middleware\\TrimStrings->handle()
#38 /home/u187586491/domains/pixfacil.fun/public_html/vendor/laravel/framework/src/Illuminate/Http/Middleware/ValidatePostSize.php(27): Illuminate\\Pipeline\\Pipeline->Illuminate\\Pipeline\\{closure}()
#39 /home/u187586491/domains/pixfacil.fun/public_html/vendor/laravel/framework/src/Illuminate/Pipeline/Pipeline.php(219): Illuminate\\Http\\Middleware\\ValidatePostSize->handle()
#40 /home/u187586491/domains/pixfacil.fun/public_html/vendor/laravel/framework/src/Illuminate/Foundation/Http/Middleware/PreventRequestsDuringMaintenance.php(109): Illuminate\\Pipeline\\Pipeline->Illuminate\\Pipeline\\{closure}()
#41 /home/u187586491/domains/pixfacil.fun/public_html/vendor/laravel/framework/src/Illuminate/Pipeline/Pipeline.php(219): Illuminate\\Foundation\\Http\\Middleware\\PreventRequestsDuringMaintenance->handle()
#42 /home/u187586491/domains/pixfacil.fun/public_html/vendor/laravel/framework/src/Illuminate/Http/Middleware/HandleCors.php(74): Illuminate\\Pipeline\\Pipeline->Illuminate\\Pipeline\\{closure}()
#43 /home/u187586491/domains/pixfacil.fun/public_html/vendor/laravel/framework/src/Illuminate/Pipeline/Pipeline.php(219): Illuminate\\Http\\Middleware\\HandleCors->handle()
#44 /home/u187586491/domains/pixfacil.fun/public_html/app/Http/Middleware/SecurityHeaders.php(16): Illuminate\\Pipeline\\Pipeline->Illuminate\\Pipeline\\{closure}()
#45 /home/u187586491/domains/pixfacil.fun/public_html/vendor/laravel/framework/src/Illuminate/Pipeline/Pipeline.php(219): App\\Http\\Middleware\\SecurityHeaders->handle()
#46 /home/u187586491/domains/pixfacil.fun/public_html/vendor/laravel/framework/src/Illuminate/Http/Middleware/TrustProxies.php(58): Illuminate\\Pipeline\\Pipeline->Illuminate\\Pipeline\\{closure}()
#47 /home/u187586491/domains/pixfacil.fun/public_html/vendor/laravel/framework/src/Illuminate/Pipeline/Pipeline.php(219): Illuminate\\Http\\Middleware\\TrustProxies->handle()
#48 /home/u187586491/domains/pixfacil.fun/public_html/vendor/laravel/framework/src/Illuminate/Http/Middleware/TrustHosts.php(78): Illuminate\\Pipeline\\Pipeline->Illuminate\\Pipeline\\{closure}()
#49 /home/u187586491/domains/pixfacil.fun/public_html/vendor/laravel/framework/src/Illuminate/Pipeline/Pipeline.php(219): Illuminate\\Http\\Middleware\\TrustHosts->handle()
#50 /home/u187586491/domains/pixfacil.fun/public_html/vendor/laravel/framework/src/Illuminate/Pipeline/Pipeline.php(137): Illuminate\\Pipeline\\Pipeline->Illuminate\\Pipeline\\{closure}()
#51 /home/u187586491/domains/pixfacil.fun/public_html/vendor/laravel/framework/src/Illuminate/Foundation/Http/Kernel.php(175): Illuminate\\Pipeline\\Pipeline->then()
#52 /home/u187586491/domains/pixfacil.fun/public_html/vendor/laravel/framework/src/Illuminate/Foundation/Http/Kernel.php(144): Illuminate\\Foundation\\Http\\Kernel->sendRequestThroughRouter()
#53 /home/u187586491/domains/pixfacil.fun/public_html/bootstrap/front.php(51): Illuminate\\Foundation\\Http\\Kernel->handle()
#54 /home/u187586491/domains/pixfacil.fun/public_html/bootstrap/loader.php(5): require('/home/u18758649...')
#55 /home/u187586491/domains/pixfacil.fun/public_html/public/index.php(4): require('/home/u18758649...')
#56 {main}

[previous exception] [object] (PDOException(code: 42S02): SQLSTATE[42S02]: Base table or view not found: 1146 Table 'u187586491_nomad.house_games' doesn't exist at /home/u187586491/domains/pixfacil.fun/public_html/vendor/laravel/framework/src/Illuminate/Database/Connection.php:420)
[stacktrace]
#0 /home/u187586491/domains/pixfacil.fun/public_html/vendor/laravel/framework/src/Illuminate/Database/Connection.php(420): PDO->prepare()
#1 /home/u187586491/domains/pixfacil.fun/public_html/vendor/laravel/framework/src/Illuminate/Database/Connection.php(827): Illuminate\\Database\\Connection->Illuminate\\Database\\{closure}()
#2 /home/u187586491/domains/pixfacil.fun/public_html/vendor/laravel/framework/src/Illuminate/Database/Connection.php(794): Illuminate\\Database\\Connection->runQueryCallback()
#3 /home/u187586491/domains/pixfacil.fun/public_html/vendor/laravel/framework/src/Illuminate/Database/Connection.php(411): Illuminate\\Database\\Connection->run()
#4 /home/u187586491/domains/pixfacil.fun/public_html/vendor/laravel/framework/src/Illuminate/Database/Query/Builder.php(3505): Illuminate\\Database\\Connection->select()
#5 /home/u187586491/domains/pixfacil.fun/public_html/vendor/laravel/framework/src/Illuminate/Database/Query/Builder.php(3490): Illuminate\\Database\\Query\\Builder->runSelect()
#6 /home/u187586491/domains/pixfacil.fun/public_html/vendor/laravel/framework/src/Illuminate/Database/Query/Builder.php(4080): Illuminate\\Database\\Query\\Builder->Illuminate\\Database\\Query\\{closure}()
#7 /home/u187586491/domains/pixfacil.fun/public_html/vendor/laravel/framework/src/Illuminate/Database/Query/Builder.php(3489): Illuminate\\Database\\Query\\Builder->onceWithColumns()
#8 /home/u187586491/domains/pixfacil.fun/public_html/vendor/laravel/framework/src/Illuminate/Database/Eloquent/Builder.php(902): Illuminate\\Database\\Query\\Builder->get()
#9 /home/u187586491/domains/pixfacil.fun/public_html/vendor/laravel/framework/src/Illuminate/Database/Eloquent/Builder.php(884): Illuminate\\Database\\Eloquent\\Builder->getModels()
#10 /home/u187586491/domains/pixfacil.fun/public_html/app/Http/Controllers/Api/Retro/RetroGameController.php(31): Illuminate\\Database\\Eloquent\\Builder->get()
#11 /home/u187586491/domains/pixfacil.fun/public_html/vendor/laravel/framework/src/Illuminate/Routing/Controller.php(54): App\\Http\\Controllers\\Api\\Retro\\RetroGameController->index()
#12 /home/u187586491/domains/pixfacil.fun/public_html/vendor/laravel/framework/src/Illuminate/Routing/ControllerDispatcher.php(43): Illuminate\\Routing\\Controller->callAction()
#13 /home/u187586491/domains/pixfacil.fun/public_html/vendor/laravel/framework/src/Illuminate/Routing/Route.php(265): Illuminate\\Routing\\ControllerDispatcher->dispatch()
#14 /home/u187586491/domains/pixfacil.fun/public_html/vendor/laravel/framework/src/Illuminate/Routing/Route.php(211): Illuminate\\Routing\\Route->runController()
#15 /home/u187586491/domains/pixfacil.fun/public_html/vendor/laravel/framework/src/Illuminate/Routing/Router.php(822): Illuminate\\Routing\\Route->run()
#16 /home/u187586491/domains/pixfacil.fun/public_html/vendor/laravel/framework/src/Illuminate/Pipeline/Pipeline.php(180): Illuminate\\Routing\\Router->Illuminate\\Routing\\{closure}()
#17 /home/u187586491/domains/pixfacil.fun/public_html/vendor/laravel/framework/src/Illuminate/Routing/Middleware/SubstituteBindings.php(50): Illuminate\\Pipeline\\Pipeline->Illuminate\\Pipeline\\{closure}()
#18 /home/u187586491/domains/pixfacil.fun/public_html/vendor/laravel/framework/src/Illuminate/Pipeline/Pipeline.php(219): Illuminate\\Routing\\Middleware\\SubstituteBindings->handle()
#19 /home/u187586491/domains/pixfacil.fun/public_html/vendor/laravel/framework/src/Illuminate/Routing/Middleware/ThrottleRequests.php(166): Illuminate\\Pipeline\\Pipeline->Illuminate\\Pipeline\\{closure}()
#20 /home/u187586491/domains/pixfacil.fun/public_html/vendor/laravel/framework/src/Illuminate/Routing/Middleware/ThrottleRequests.php(129): Illuminate\\Routing\\Middleware\\ThrottleRequests->handleRequest()
#21 /home/u187586491/domains/pixfacil.fun/public_html/vendor/laravel/framework/src/Illuminate/Routing/Middleware/ThrottleRequests.php(90): Illuminate\\Routing\\Middleware\\ThrottleRequests->handleRequestUsingNamedLimiter()
#22 /home/u187586491/domains/pixfacil.fun/public_html/vendor/laravel/framework/src/Illuminate/Pipeline/Pipeline.php(219): Illuminate\\Routing\\Middleware\\ThrottleRequests->handle()
#23 /home/u187586491/domains/pixfacil.fun/public_html/vendor/laravel/framework/src/Illuminate/Pipeline/Pipeline.php(137): Illuminate\\Pipeline\\Pipeline->Illuminate\\Pipeline\\{closure}()
#24 /home/u187586491/domains/pixfacil.fun/public_html/vendor/laravel/framework/src/Illuminate/Routing/Router.php(821): Illuminate\\Pipeline\\Pipeline->then()
#25 /home/u187586491/domains/pixfacil.fun/public_html/vendor/laravel/framework/src/Illuminate/Routing/Router.php(800): Illuminate\\Routing\\Router->runRouteWithinStack()
#26 /home/u187586491/domains/pixfacil.fun/public_html/vendor/laravel/framework/src/Illuminate/Routing/Router.php(764): Illuminate\\Routing\\Router->runRoute()
#27 /home/u187586491/domains/pixfacil.fun/public_html/vendor/laravel/framework/src/Illuminate/Routing/Router.php(753): Illuminate\\Routing\\Router->dispatchToRoute()
#28 /home/u187586491/domains/pixfacil.fun/public_html/vendor/laravel/framework/src/Illuminate/Foundation/Http/Kernel.php(200): Illuminate\\Routing\\Router->dispatch()
#29 /home/u187586491/domains/pixfacil.fun/public_html/vendor/laravel/framework/src/Illuminate/Pipeline/Pipeline.php(180): Illuminate\\Foundation\\Http\\Kernel->Illuminate\\Foundation\\Http\\{closure}()
#30 /home/u187586491/domains/pixfacil.fun/public_html/vendor/livewire/livewire/src/Features/SupportDisablingBackButtonCache/DisableBackButtonCacheMiddleware.php(19): Illuminate\\Pipeline\\Pipeline->Illuminate\\Pipeline\\{closure}()
#31 /home/u187586491/domains/pixfacil.fun/public_html/vendor/laravel/framework/src/Illuminate/Pipeline/Pipeline.php(219): Livewire\\Features\\SupportDisablingBackButtonCache\\DisableBackButtonCacheMiddleware->handle()
#32 /home/u187586491/domains/pixfacil.fun/public_html/app/Http/Middleware/SetDefaultLanguage.php(20): Illuminate\\Pipeline\\Pipeline->Illuminate\\Pipeline\\{closure}()
#33 /home/u187586491/domains/pixfacil.fun/public_html/vendor/laravel/framework/src/Illuminate/Pipeline/Pipeline.php(219): App\\Http\\Middleware\\SetDefaultLanguage->handle()
#34 /home/u187586491/domains/pixfacil.fun/public_html/vendor/laravel/framework/src/Illuminate/Foundation/Http/Middleware/TransformsRequest.php(21): Illuminate\\Pipeline\\Pipeline->Illuminate\\Pipeline\\{closure}()
#35 /home/u187586491/domains/pixfacil.fun/public_html/vendor/laravel/framework/src/Illuminate/Foundation/Http/Middleware/ConvertEmptyStringsToNull.php(31): Illuminate\\Foundation\\Http\\Middleware\\TransformsRequest->handle()
#36 /home/u187586491/domains/pixfacil.fun/public_html/vendor/laravel/framework/src/Illuminate/Pipeline/Pipeline.php(219): Illuminate\\Foundation\\Http\\Middleware\\ConvertEmptyStringsToNull->handle()
#37 /home/u187586491/domains/pixfacil.fun/public_html/vendor/laravel/framework/src/Illuminate/Foundation/Http/Middleware/TransformsRequest.php(21): Illuminate\\Pipeline\\Pipeline->Illuminate\\Pipeline\\{closure}()
#38 /home/u187586491/domains/pixfacil.fun/public_html/vendor/laravel/framework/src/Illuminate/Foundation/Http/Middleware/TrimStrings.php(51): Illuminate\\Foundation\\Http\\Middleware\\TransformsRequest->handle()
#39 /home/u187586491/domains/pixfacil.fun/public_html/vendor/laravel/framework/src/Illuminate/Pipeline/Pipeline.php(219): Illuminate\\Foundation\\Http\\Middleware\\TrimStrings->handle()
#40 /home/u187586491/domains/pixfacil.fun/public_html/vendor/laravel/framework/src/Illuminate/Http/Middleware/ValidatePostSize.php(27): Illuminate\\Pipeline\\Pipeline->Illuminate\\Pipeline\\{closure}()
#41 /home/u187586491/domains/pixfacil.fun/public_html/vendor/laravel/framework/src/Illuminate/Pipeline/Pipeline.php(219): Illuminate\\Http\\Middleware\\ValidatePostSize->handle()
#42 /home/u187586491/domains/pixfacil.fun/public_html/vendor/laravel/framework/src/Illuminate/Foundation/Http/Middleware/PreventRequestsDuringMaintenance.php(109): Illuminate\\Pipeline\\Pipeline->Illuminate\\Pipeline\\{closure}()
#43 /home/u187586491/domains/pixfacil.fun/public_html/vendor/laravel/framework/src/Illuminate/Pipeline/Pipeline.php(219): Illuminate\\Foundation\\Http\\Middleware\\PreventRequestsDuringMaintenance->handle()
#44 /home/u187586491/domains/pixfacil.fun/public_html/vendor/laravel/framework/src/Illuminate/Http/Middleware/HandleCors.php(74): Illuminate\\Pipeline\\Pipeline->Illuminate\\Pipeline\\{closure}()
#45 /home/u187586491/domains/pixfacil.fun/public_html/vendor/laravel/framework/src/Illuminate/Pipeline/Pipeline.php(219): Illuminate\\Http\\Middleware\\HandleCors->handle()
#46 /home/u187586491/domains/pixfacil.fun/public_html/app/Http/Middleware/SecurityHeaders.php(16): Illuminate\\Pipeline\\Pipeline->Illuminate\\Pipeline\\{closure}()
#47 /home/u187586491/domains/pixfacil.fun/public_html/vendor/laravel/framework/src/Illuminate/Pipeline/Pipeline.php(219): App\\Http\\Middleware\\SecurityHeaders->handle()
#48 /home/u187586491/domains/pixfacil.fun/public_html/vendor/laravel/framework/src/Illuminate/Http/Middleware/TrustProxies.php(58): Illuminate\\Pipeline\\Pipeline->Illuminate\\Pipeline\\{closure}()
#49 /home/u187586491/domains/pixfacil.fun/public_html/vendor/laravel/framework/src/Illuminate/Pipeline/Pipeline.php(219): Illuminate\\Http\\Middleware\\TrustProxies->handle()
#50 /home/u187586491/domains/pixfacil.fun/public_html/vendor/laravel/framework/src/Illuminate/Http/Middleware/TrustHosts.php(78): Illuminate\\Pipeline\\Pipeline->Illuminate\\Pipeline\\{closure}()
#51 /home/u187586491/domains/pixfacil.fun/public_html/vendor/laravel/framework/src/Illuminate/Pipeline/Pipeline.php(219): Illuminate\\Http\\Middleware\\TrustHosts->handle()
#52 /home/u187586491/domains/pixfacil.fun/public_html/vendor/laravel/framework/src/Illuminate/Pipeline/Pipeline.php(137): Illuminate\\Pipeline\\Pipeline->Illuminate\\Pipeline\\{closure}()
#53 /home/u187586491/domains/pixfacil.fun/public_html/vendor/laravel/framework/src/Illuminate/Foundation/Http/Kernel.php(175): Illuminate\\Pipeline\\Pipeline->then()
#54 /home/u187586491/domains/pixfacil.fun/public_html/vendor/laravel/framework/src/Illuminate/Foundation/Http/Kernel.php(144): Illuminate\\Foundation\\Http\\Kernel->sendRequestThroughRouter()
#55 /home/u187586491/domains/pixfacil.fun/public_html/bootstrap/front.php(51): Illuminate\\Foundation\\Http\\Kernel->handle()
#56 /home/u187586491/domains/pixfacil.fun/public_html/bootstrap/loader.php(5): require('/home/u18758649...')
#57 /home/u187586491/domains/pixfacil.fun/public_html/public/index.php(4): require('/home/u18758649...')
#58 {main}
"} 
[2026-09-04 15:08:17] production.ERROR: Você não tem saldo suficiente {"exception":"[object] (RuntimeException(code: 0): Você não tem saldo suficiente at /home/u187586491/domains/pixfacil.fun/public_html/app/Http/Controllers/Api/Profile/WalletController.php:312)
[stacktrace]
#0 /home/u187586491/domains/pixfacil.fun/public_html/vendor/laravel/framework/src/Illuminate/Database/Concerns/ManagesTransactions.php(35): App\\Http\\Controllers\\Api\\Profile\\WalletController->App\\Http\\Controllers\\Api\\Profile\\{closure}()
#1 /home/u187586491/domains/pixfacil.fun/public_html/vendor/laravel/framework/src/Illuminate/Database/DatabaseManager.php(491): Illuminate\\Database\\Connection->transaction()
#2 /home/u187586491/domains/pixfacil.fun/public_html/vendor/laravel/framework/src/Illuminate/Support/Facades/Facade.php(363): Illuminate\\Database\\DatabaseManager->__call()
#3 /home/u187586491/domains/pixfacil.fun/public_html/app/Http/Controllers/Api/Profile/WalletController.php(271): Illuminate\\Support\\Facades\\Facade::__callStatic()
#4 /home/u187586491/domains/pixfacil.fun/public_html/vendor/laravel/framework/src/Illuminate/Routing/Controller.php(54): App\\Http\\Controllers\\Api\\Profile\\WalletController->requestWithdrawal()
#5 /home/u187586491/domains/pixfacil.fun/public_html/vendor/laravel/framework/src/Illuminate/Routing/ControllerDispatcher.php(43): Illuminate\\Routing\\Controller->callAction()
#6 /home/u187586491/domains/pixfacil.fun/public_html/vendor/laravel/framework/src/Illuminate/Routing/Route.php(265): Illuminate\\Routing\\ControllerDispatcher->dispatch()
#7 /home/u187586491/domains/pixfacil.fun/public_html/vendor/laravel/framework/src/Illuminate/Routing/Route.php(211): Illuminate\\Routing\\Route->runController()
#8 /home/u187586491/domains/pixfacil.fun/public_html/vendor/laravel/framework/src/Illuminate/Routing/Router.php(822): Illuminate\\Routing\\Route->run()
#9 /home/u187586491/domains/pixfacil.fun/public_html/vendor/laravel/framework/src/Illuminate/Pipeline/Pipeline.php(180): Illuminate\\Routing\\Router->Illuminate\\Routing\\{closure}()
#10 /home/u187586491/domains/pixfacil.fun/public_html/app/Http/Middleware/CheckSession.php(46): Illuminate\\Pipeline\\Pipeline->Illuminate\\Pipeline\\{closure}()
#11 /home/u187586491/domains/pixfacil.fun/public_html/vendor/laravel/framework/src/Illuminate/Pipeline/Pipeline.php(219): App\\Http\\Middleware\\CheckSession->handle()
#12 /home/u187586491/domains/pixfacil.fun/public_html/app/Http/Middleware/JWTMiddleware.php(24): Illuminate\\Pipeline\\Pipeline->Illuminate\\Pipeline\\{closure}()
#13 /home/u187586491/domains/pixfacil.fun/public_html/vendor/laravel/framework/src/Illuminate/Pipeline/Pipeline.php(219): App\\Http\\Middleware\\JWTMiddleware->handle()
#14 /home/u187586491/domains/pixfacil.fun/public_html/vendor/laravel/framework/src/Illuminate/Routing/Middleware/SubstituteBindings.php(50): Illuminate\\Pipeline\\Pipeline->Illuminate\\Pipeline\\{closure}()
#15 /home/u187586491/domains/pixfacil.fun/public_html/vendor/laravel/framework/src/Illuminate/Pipeline/Pipeline.php(219): Illuminate\\Routing\\Middleware\\SubstituteBindings->handle()
#16 /home/u187586491/domains/pixfacil.fun/public_html/vendor/laravel/framework/src/Illuminate/Routing/Middleware/ThrottleRequests.php(166): Illuminate\\Pipeline\\Pipeline->Illuminate\\Pipeline\\{closure}()
#17 /home/u187586491/domains/pixfacil.fun/public_html/vendor/laravel/framework/src/Illuminate/Routing/Middleware/ThrottleRequests.php(129): Illuminate\\Routing\\Middleware\\ThrottleRequests->handleRequest()
#18 /home/u187586491/domains/pixfacil.fun/public_html/vendor/laravel/framework/src/Illuminate/Routing/Middleware/ThrottleRequests.php(90): Illuminate\\Routing\\Middleware\\ThrottleRequests->handleRequestUsingNamedLimiter()
#19 /home/u187586491/domains/pixfacil.fun/public_html/vendor/laravel/framework/src/Illuminate/Pipeline/Pipeline.php(219): Illuminate\\Routing\\Middleware\\ThrottleRequests->handle()
#20 /home/u187586491/domains/pixfacil.fun/public_html/vendor/laravel/framework/src/Illuminate/Pipeline/Pipeline.php(137): Illuminate\\Pipeline\\Pipeline->Illuminate\\Pipeline\\{closure}()
#21 /home/u187586491/domains/pixfacil.fun/public_html/vendor/laravel/framework/src/Illuminate/Routing/Router.php(821): Illuminate\\Pipeline\\Pipeline->then()
#22 /home/u187586491/domains/pixfacil.fun/public_html/vendor/laravel/framework/src/Illuminate/Routing/Router.php(800): Illuminate\\Routing\\Router->runRouteWithinStack()
#23 /home/u187586491/domains/pixfacil.fun/public_html/vendor/laravel/framework/src/Illuminate/Routing/Router.php(764): Illuminate\\Routing\\Router->runRoute()
#24 /home/u187586491/domains/pixfacil.fun/public_html/vendor/laravel/framework/src/Illuminate/Routing/Router.php(753): Illuminate\\Routing\\Router->dispatchToRoute()
#25 /home/u187586491/domains/pixfacil.fun/public_html/vendor/laravel/framework/src/Illuminate/Foundation/Http/Kernel.php(200): Illuminate\\Routing\\Router->dispatch()
#26 /home/u187586491/domains/pixfacil.fun/public_html/vendor/laravel/framework/src/Illuminate/Pipeline/Pipeline.php(180): Illuminate\\Foundation\\Http\\Kernel->Illuminate\\Foundation\\Http\\{closure}()
#27 /home/u187586491/domains/pixfacil.fun/public_html/vendor/livewire/livewire/src/Features/SupportDisablingBackButtonCache/DisableBackButtonCacheMiddleware.php(19): Illuminate\\Pipeline\\Pipeline->Illuminate\\Pipeline\\{closure}()
#28 /home/u187586491/domains/pixfacil.fun/public_html/vendor/laravel/framework/src/Illuminate/Pipeline/Pipeline.php(219): Livewire\\Features\\SupportDisablingBackButtonCache\\DisableBackButtonCacheMiddleware->handle()
#29 /home/u187586491/domains/pixfacil.fun/public_html/app/Http/Middleware/SetDefaultLanguage.php(20): Illuminate\\Pipeline\\Pipeline->Illuminate\\Pipeline\\{closure}()
#30 /home/u187586491/domains/pixfacil.fun/public_html/vendor/laravel/framework/src/Illuminate/Pipeline/Pipeline.php(219): App\\Http\\Middleware\\SetDefaultLanguage->handle()
#31 /home/u187586491/domains/pixfacil.fun/public_html/vendor/laravel/framework/src/Illuminate/Foundation/Http/Middleware/TransformsRequest.php(21): Illuminate\\Pipeline\\Pipeline->Illuminate\\Pipeline\\{closure}()
#32 /home/u187586491/domains/pixfacil.fun/public_html/vendor/laravel/framework/src/Illuminate/Foundation/Http/Middleware/ConvertEmptyStringsToNull.php(31): Illuminate\\Foundation\\Http\\Middleware\\TransformsRequest->handle()
#33 /home/u187586491/domains/pixfacil.fun/public_html/vendor/laravel/framework/src/Illuminate/Pipeline/Pipeline.php(219): Illuminate\\Foundation\\Http\\Middleware\\ConvertEmptyStringsToNull->handle()
#34 /home/u187586491/domains/pixfacil.fun/public_html/vendor/laravel/framework/src/Illuminate/Foundation/Http/Middleware/TransformsRequest.php(21): Illuminate\\Pipeline\\Pipeline->Illuminate\\Pipeline\\{closure}()
#35 /home/u187586491/domains/pixfacil.fun/public_html/vendor/laravel/framework/src/Illuminate/Foundation/Http/Middleware/TrimStrings.php(51): Illuminate\\Foundation\\Http\\Middleware\\TransformsRequest->handle()
#36 /home/u187586491/domains/pixfacil.fun/public_html/vendor/laravel/framework/src/Illuminate/Pipeline/Pipeline.php(219): Illuminate\\Foundation\\Http\\Middleware\\TrimStrings->handle()
#37 /home/u187586491/domains/pixfacil.fun/public_html/vendor/laravel/framework/src/Illuminate/Http/Middleware/ValidatePostSize.php(27): Illuminate\\Pipeline\\Pipeline->Illuminate\\Pipeline\\{closure}()
#38 /home/u187586491/domains/pixfacil.fun/public_html/vendor/laravel/framework/src/Illuminate/Pipeline/Pipeline.php(219): Illuminate\\Http\\Middleware\\ValidatePostSize->handle()
#39 /home/u187586491/domains/pixfacil.fun/public_html/vendor/laravel/framework/src/Illuminate/Foundation/Http/Middleware/PreventRequestsDuringMaintenance.php(109): Illuminate\\Pipeline\\Pipeline->Illuminate\\Pipeline\\{closure}()
#40 /home/u187586491/domains/pixfacil.fun/public_html/vendor/laravel/framework/src/Illuminate/Pipeline/Pipeline.php(219): Illuminate\\Foundation\\Http\\Middleware\\PreventRequestsDuringMaintenance->handle()
#41 /home/u187586491/domains/pixfacil.fun/public_html/vendor/laravel/framework/src/Illuminate/Http/Middleware/HandleCors.php(74): Illuminate\\Pipeline\\Pipeline->Illuminate\\Pipeline\\{closure}()
#42 /home/u187586491/domains/pixfacil.fun/public_html/vendor/laravel/framework/src/Illuminate/Pipeline/Pipeline.php(219): Illuminate\\Http\\Middleware\\HandleCors->handle()
#43 /home/u187586491/domains/pixfacil.fun/public_html/app/Http/Middleware/SecurityHeaders.php(16): Illuminate\\Pipeline\\Pipeline->Illuminate\\Pipeline\\{closure}()
#44 /home/u187586491/domains/pixfacil.fun/public_html/vendor/laravel/framework/src/Illuminate/Pipeline/Pipeline.php(219): App\\Http\\Middleware\\SecurityHeaders->handle()
#45 /home/u187586491/domains/pixfacil.fun/public_html/vendor/laravel/framework/src/Illuminate/Http/Middleware/TrustProxies.php(58): Illuminate\\Pipeline\\Pipeline->Illuminate\\Pipeline\\{closure}()
#46 /home/u187586491/domains/pixfacil.fun/public_html/vendor/laravel/framework/src/Illuminate/Pipeline/Pipeline.php(219): Illuminate\\Http\\Middleware\\TrustProxies->handle()
#47 /home/u187586491/domains/pixfacil.fun/public_html/vendor/laravel/framework/src/Illuminate/Http/Middleware/TrustHosts.php(78): Illuminate\\Pipeline\\Pipeline->Illuminate\\Pipeline\\{closure}()
#48 /home/u187586491/domains/pixfacil.fun/public_html/vendor/laravel/framework/src/Illuminate/Pipeline/Pipeline.php(219): Illuminate\\Http\\Middleware\\TrustHosts->handle()
#49 /home/u187586491/domains/pixfacil.fun/public_html/vendor/laravel/framework/src/Illuminate/Pipeline/Pipeline.php(137): Illuminate\\Pipeline\\Pipeline->Illuminate\\Pipeline\\{closure}()
#50 /home/u187586491/domains/pixfacil.fun/public_html/vendor/laravel/framework/src/Illuminate/Foundation/Http/Kernel.php(175): Illuminate\\Pipeline\\Pipeline->then()
#51 /home/u187586491/domains/pixfacil.fun/public_html/vendor/laravel/framework/src/Illuminate/Foundation/Http/Kernel.php(144): Illuminate\\Foundation\\Http\\Kernel->sendRequestThroughRouter()
#52 /home/u187586491/domains/pixfacil.fun/public_html/bootstrap/front.php(51): Illuminate\\Foundation\\Http\\Kernel->handle()
#53 /home/u187586491/domains/pixfacil.fun/public_html/bootstrap/loader.php(5): require('/home/u18758649...')
#54 /home/u187586491/domains/pixfacil.fun/public_html/public/index.php(4): require('/home/u18758649...')
#55 {main}
"} 
[2026-09-04 15:08:19] production.ERROR: Você não tem saldo suficiente {"exception":"[object] (RuntimeException(code: 0): Você não tem saldo suficiente at /home/u187586491/domains/pixfacil.fun/public_html/app/Http/Controllers/Api/Profile/WalletController.php:312)
[stacktrace]
#0 /home/u187586491/domains/pixfacil.fun/public_html/vendor/laravel/framework/src/Illuminate/Database/Concerns/ManagesTransactions.php(35): App\\Http\\Controllers\\Api\\Profile\\WalletController->App\\Http\\Controllers\\Api\\Profile\\{closure}()
#1 /home/u187586491/domains/pixfacil.fun/public_html/vendor/laravel/framework/src/Illuminate/Database/DatabaseManager.php(491): Illuminate\\Database\\Connection->transaction()
#2 /home/u187586491/domains/pixfacil.fun/public_html/vendor/laravel/framework/src/Illuminate/Support/Facades/Facade.php(363): Illuminate\\Database\\DatabaseManager->__call()
#3 /home/u187586491/domains/pixfacil.fun/public_html/app/Http/Controllers/Api/Profile/WalletController.php(271): Illuminate\\Support\\Facades\\Facade::__callStatic()
#4 /home/u187586491/domains/pixfacil.fun/public_html/vendor/laravel/framework/src/Illuminate/Routing/Controller.php(54): App\\Http\\Controllers\\Api\\Profile\\WalletController->requestWithdrawal()
#5 /home/u187586491/domains/pixfacil.fun/public_html/vendor/laravel/framework/src/Illuminate/Routing/ControllerDispatcher.php(43): Illuminate\\Routing\\Controller->callAction()
#6 /home/u187586491/domains/pixfacil.fun/public_html/vendor/laravel/framework/src/Illuminate/Routing/Route.php(265): Illuminate\\Routing\\ControllerDispatcher->dispatch()
#7 /home/u187586491/domains/pixfacil.fun/public_html/vendor/laravel/framework/src/Illuminate/Routing/Route.php(211): Illuminate\\Routing\\Route->runController()
#8 /home/u187586491/domains/pixfacil.fun/public_html/vendor/laravel/framework/src/Illuminate/Routing/Router.php(822): Illuminate\\Routing\\Route->run()
#9 /home/u187586491/domains/pixfacil.fun/public_html/vendor/laravel/framework/src/Illuminate/Pipeline/Pipeline.php(180): Illuminate\\Routing\\Router->Illuminate\\Routing\\{closure}()
#10 /home/u187586491/domains/pixfacil.fun/public_html/app/Http/Middleware/CheckSession.php(46): Illuminate\\Pipeline\\Pipeline->Illuminate\\Pipeline\\{closure}()
#11 /home/u187586491/domains/pixfacil.fun/public_html/vendor/laravel/framework/src/Illuminate/Pipeline/Pipeline.php(219): App\\Http\\Middleware\\CheckSession->handle()
#12 /home/u187586491/domains/pixfacil.fun/public_html/app/Http/Middleware/JWTMiddleware.php(24): Illuminate\\Pipeline\\Pipeline->Illuminate\\Pipeline\\{closure}()
#13 /home/u187586491/domains/pixfacil.fun/public_html/vendor/laravel/framework/src/Illuminate/Pipeline/Pipeline.php(219): App\\Http\\Middleware\\JWTMiddleware->handle()
#14 /home/u187586491/domains/pixfacil.fun/public_html/vendor/laravel/framework/src/Illuminate/Routing/Middleware/SubstituteBindings.php(50): Illuminate\\Pipeline\\Pipeline->Illuminate\\Pipeline\\{closure}()
#15 /home/u187586491/domains/pixfacil.fun/public_html/vendor/laravel/framework/src/Illuminate/Pipeline/Pipeline.php(219): Illuminate\\Routing\\Middleware\\SubstituteBindings->handle()
#16 /home/u187586491/domains/pixfacil.fun/public_html/vendor/laravel/framework/src/Illuminate/Routing/Middleware/ThrottleRequests.php(166): Illuminate\\Pipeline\\Pipeline->Illuminate\\Pipeline\\{closure}()
#17 /home/u187586491/domains/pixfacil.fun/public_html/vendor/laravel/framework/src/Illuminate/Routing/Middleware/ThrottleRequests.php(129): Illuminate\\Routing\\Middleware\\ThrottleRequests->handleRequest()
#18 /home/u187586491/domains/pixfacil.fun/public_html/vendor/laravel/framework/src/Illuminate/Routing/Middleware/ThrottleRequests.php(90): Illuminate\\Routing\\Middleware\\ThrottleRequests->handleRequestUsingNamedLimiter()
#19 /home/u187586491/domains/pixfacil.fun/public_html/vendor/laravel/framework/src/Illuminate/Pipeline/Pipeline.php(219): Illuminate\\Routing\\Middleware\\ThrottleRequests->handle()
#20 /home/u187586491/domains/pixfacil.fun/public_html/vendor/laravel/framework/src/Illuminate/Pipeline/Pipeline.php(137): Illuminate\\Pipeline\\Pipeline->Illuminate\\Pipeline\\{closure}()
#21 /home/u187586491/domains/pixfacil.fun/public_html/vendor/laravel/framework/src/Illuminate/Routing/Router.php(821): Illuminate\\Pipeline\\Pipeline->then()
#22 /home/u187586491/domains/pixfacil.fun/public_html/vendor/laravel/framework/src/Illuminate/Routing/Router.php(800): Illuminate\\Routing\\Router->runRouteWithinStack()
#23 /home/u187586491/domains/pixfacil.fun/public_html/vendor/laravel/framework/src/Illuminate/Routing/Router.php(764): Illuminate\\Routing\\Router->runRoute()
#24 /home/u187586491/domains/pixfacil.fun/public_html/vendor/laravel/framework/src/Illuminate/Routing/Router.php(753): Illuminate\\Routing\\Router->dispatchToRoute()
#25 /home/u187586491/domains/pixfacil.fun/public_html/vendor/laravel/framework/src/Illuminate/Foundation/Http/Kernel.php(200): Illuminate\\Routing\\Router->dispatch()
#26 /home/u187586491/domains/pixfacil.fun/public_html/vendor/laravel/framework/src/Illuminate/Pipeline/Pipeline.php(180): Illuminate\\Foundation\\Http\\Kernel->Illuminate\\Foundation\\Http\\{closure}()
#27 /home/u187586491/domains/pixfacil.fun/public_html/vendor/livewire/livewire/src/Features/SupportDisablingBackButtonCache/DisableBackButtonCacheMiddleware.php(19): Illuminate\\Pipeline\\Pipeline->Illuminate\\Pipeline\\{closure}()
#28 /home/u187586491/domains/pixfacil.fun/public_html/vendor/laravel/framework/src/Illuminate/Pipeline/Pipeline.php(219): Livewire\\Features\\SupportDisablingBackButtonCache\\DisableBackButtonCacheMiddleware->handle()
#29 /home/u187586491/domains/pixfacil.fun/public_html/app/Http/Middleware/SetDefaultLanguage.php(20): Illuminate\\Pipeline\\Pipeline->Illuminate\\Pipeline\\{closure}()
#30 /home/u187586491/domains/pixfacil.fun/public_html/vendor/laravel/framework/src/Illuminate/Pipeline/Pipeline.php(219): App\\Http\\Middleware\\SetDefaultLanguage->handle()
#31 /home/u187586491/domains/pixfacil.fun/public_html/vendor/laravel/framework/src/Illuminate/Foundation/Http/Middleware/TransformsRequest.php(21): Illuminate\\Pipeline\\Pipeline->Illuminate\\Pipeline\\{closure}()
#32 /home/u187586491/domains/pixfacil.fun/public_html/vendor/laravel/framework/src/Illuminate/Foundation/Http/Middleware/ConvertEmptyStringsToNull.php(31): Illuminate\\Foundation\\Http\\Middleware\\TransformsRequest->handle()
#33 /home/u187586491/domains/pixfacil.fun/public_html/vendor/laravel/framework/src/Illuminate/Pipeline/Pipeline.php(219): Illuminate\\Foundation\\Http\\Middleware\\ConvertEmptyStringsToNull->handle()
#34 /home/u187586491/domains/pixfacil.fun/public_html/vendor/laravel/framework/src/Illuminate/Foundation/Http/Middleware/TransformsRequest.php(21): Illuminate\\Pipeline\\Pipeline->Illuminate\\Pipeline\\{closure}()
#35 /home/u187586491/domains/pixfacil.fun/public_html/vendor/laravel/framework/src/Illuminate/Foundation/Http/Middleware/TrimStrings.php(51): Illuminate\\Foundation\\Http\\Middleware\\TransformsRequest->handle()
#36 /home/u187586491/domains/pixfacil.fun/public_html/vendor/laravel/framework/src/Illuminate/Pipeline/Pipeline.php(219): Illuminate\\Foundation\\Http\\Middleware\\TrimStrings->handle()
#37 /home/u187586491/domains/pixfacil.fun/public_html/vendor/laravel/framework/src/Illuminate/Http/Middleware/ValidatePostSize.php(27): Illuminate\\Pipeline\\Pipeline->Illuminate\\Pipeline\\{closure}()
#38 /home/u187586491/domains/pixfacil.fun/public_html/vendor/laravel/framework/src/Illuminate/Pipeline/Pipeline.php(219): Illuminate\\Http\\Middleware\\ValidatePostSize->handle()
#39 /home/u187586491/domains/pixfacil.fun/public_html/vendor/laravel/framework/src/Illuminate/Foundation/Http/Middleware/PreventRequestsDuringMaintenance.php(109): Illuminate\\Pipeline\\Pipeline->Illuminate\\Pipeline\\{closure}()
#40 /home/u187586491/domains/pixfacil.fun/public_html/vendor/laravel/framework/src/Illuminate/Pipeline/Pipeline.php(219): Illuminate\\Foundation\\Http\\Middleware\\PreventRequestsDuringMaintenance->handle()
#41 /home/u187586491/domains/pixfacil.fun/public_html/vendor/laravel/framework/src/Illuminate/Http/Middleware/HandleCors.php(74): Illuminate\\Pipeline\\Pipeline->Illuminate\\Pipeline\\{closure}()
#42 /home/u187586491/domains/pixfacil.fun/public_html/vendor/laravel/framework/src/Illuminate/Pipeline/Pipeline.php(219): Illuminate\\Http\\Middleware\\HandleCors->handle()
#43 /home/u187586491/domains/pixfacil.fun/public_html/app/Http/Middleware/SecurityHeaders.php(16): Illuminate\\Pipeline\\Pipeline->Illuminate\\Pipeline\\{closure}()
#44 /home/u187586491/domains/pixfacil.fun/public_html/vendor/laravel/framework/src/Illuminate/Pipeline/Pipeline.php(219): App\\Http\\Middleware\\SecurityHeaders->handle()
#45 /home/u187586491/domains/pixfacil.fun/public_html/vendor/laravel/framework/src/Illuminate/Http/Middleware/TrustProxies.php(58): Illuminate\\Pipeline\\Pipeline->Illuminate\\Pipeline\\{closure}()
#46 /home/u187586491/domains/pixfacil.fun/public_html/vendor/laravel/framework/src/Illuminate/Pipeline/Pipeline.php(219): Illuminate\\Http\\Middleware\\TrustProxies->handle()
#47 /home/u187586491/domains/pixfacil.fun/public_html/vendor/laravel/framework/src/Illuminate/Http/Middleware/TrustHosts.php(78): Illuminate\\Pipeline\\Pipeline->Illuminate\\Pipeline\\{closure}()
#48 /home/u187586491/domains/pixfacil.fun/public_html/vendor/laravel/framework/src/Illuminate/Pipeline/Pipeline.php(219): Illuminate\\Http\\Middleware\\TrustHosts->handle()
#49 /home/u187586491/domains/pixfacil.fun/public_html/vendor/laravel/framework/src/Illuminate/Pipeline/Pipeline.php(137): Illuminate\\Pipeline\\Pipeline->Illuminate\\Pipeline\\{closure}()
#50 /home/u187586491/domains/pixfacil.fun/public_html/vendor/laravel/framework/src/Illuminate/Foundation/Http/Kernel.php(175): Illuminate\\Pipeline\\Pipeline->then()
#51 /home/u187586491/domains/pixfacil.fun/public_html/vendor/laravel/framework/src/Illuminate/Foundation/Http/Kernel.php(144): Illuminate\\Foundation\\Http\\Kernel->sendRequestThroughRouter()
#52 /home/u187586491/domains/pixfacil.fun/public_html/bootstrap/front.php(51): Illuminate\\Foundation\\Http\\Kernel->handle()
#53 /home/u187586491/domains/pixfacil.fun/public_html/bootstrap/loader.php(5): require('/home/u18758649...')
#54 /home/u187586491/domains/pixfacil.fun/public_html/public/index.php(4): require('/home/u18758649...')
#55 {main}
"} 
[2026-09-04 15:08:21] production.ERROR: Você não tem saldo suficiente {"exception":"[object] (RuntimeException(code: 0): Você não tem saldo suficiente at /home/u187586491/domains/pixfacil.fun/public_html/app/Http/Controllers/Api/Profile/WalletController.php:312)
[stacktrace]
#0 /home/u187586491/domains/pixfacil.fun/public_html/vendor/laravel/framework/src/Illuminate/Database/Concerns/ManagesTransactions.php(35): App\\Http\\Controllers\\Api\\Profile\\WalletController->App\\Http\\Controllers\\Api\\Profile\\{closure}()
#1 /home/u187586491/domains/pixfacil.fun/public_html/vendor/laravel/framework/src/Illuminate/Database/DatabaseManager.php(491): Illuminate\\Database\\Connection->transaction()
#2 /home/u187586491/domains/pixfacil.fun/public_html/vendor/laravel/framework/src/Illuminate/Support/Facades/Facade.php(363): Illuminate\\Database\\DatabaseManager->__call()
#3 /home/u187586491/domains/pixfacil.fun/public_html/app/Http/Controllers/Api/Profile/WalletController.php(271): Illuminate\\Support\\Facades\\Facade::__callStatic()
#4 /home/u187586491/domains/pixfacil.fun/public_html/vendor/laravel/framework/src/Illuminate/Routing/Controller.php(54): App\\Http\\Controllers\\Api\\Profile\\WalletController->requestWithdrawal()
#5 /home/u187586491/domains/pixfacil.fun/public_html/vendor/laravel/framework/src/Illuminate/Routing/ControllerDispatcher.php(43): Illuminate\\Routing\\Controller->callAction()
#6 /home/u187586491/domains/pixfacil.fun/public_html/vendor/laravel/framework/src/Illuminate/Routing/Route.php(265): Illuminate\\Routing\\ControllerDispatcher->dispatch()
#7 /home/u187586491/domains/pixfacil.fun/public_html/vendor/laravel/framework/src/Illuminate/Routing/Route.php(211): Illuminate\\Routing\\Route->runController()
#8 /home/u187586491/domains/pixfacil.fun/public_html/vendor/laravel/framework/src/Illuminate/Routing/Router.php(822): Illuminate\\Routing\\Route->run()
#9 /home/u187586491/domains/pixfacil.fun/public_html/vendor/laravel/framework/src/Illuminate/Pipeline/Pipeline.php(180): Illuminate\\Routing\\Router->Illuminate\\Routing\\{closure}()
#10 /home/u187586491/domains/pixfacil.fun/public_html/app/Http/Middleware/CheckSession.php(46): Illuminate\\Pipeline\\Pipeline->Illuminate\\Pipeline\\{closure}()
#11 /home/u187586491/domains/pixfacil.fun/public_html/vendor/laravel/framework/src/Illuminate/Pipeline/Pipeline.php(219): App\\Http\\Middleware\\CheckSession->handle()
#12 /home/u187586491/domains/pixfacil.fun/public_html/app/Http/Middleware/JWTMiddleware.php(24): Illuminate\\Pipeline\\Pipeline->Illuminate\\Pipeline\\{closure}()
#13 /home/u187586491/domains/pixfacil.fun/public_html/vendor/laravel/framework/src/Illuminate/Pipeline/Pipeline.php(219): App\\Http\\Middleware\\JWTMiddleware->handle()
#14 /home/u187586491/domains/pixfacil.fun/public_html/vendor/laravel/framework/src/Illuminate/Routing/Middleware/SubstituteBindings.php(50): Illuminate\\Pipeline\\Pipeline->Illuminate\\Pipeline\\{closure}()
#15 /home/u187586491/domains/pixfacil.fun/public_html/vendor/laravel/framework/src/Illuminate/Pipeline/Pipeline.php(219): Illuminate\\Routing\\Middleware\\SubstituteBindings->handle()
#16 /home/u187586491/domains/pixfacil.fun/public_html/vendor/laravel/framework/src/Illuminate/Routing/Middleware/ThrottleRequests.php(166): Illuminate\\Pipeline\\Pipeline->Illuminate\\Pipeline\\{closure}()
#17 /home/u187586491/domains/pixfacil.fun/public_html/vendor/laravel/framework/src/Illuminate/Routing/Middleware/ThrottleRequests.php(129): Illuminate\\Routing\\Middleware\\ThrottleRequests->handleRequest()
#18 /home/u187586491/domains/pixfacil.fun/public_html/vendor/laravel/framework/src/Illuminate/Routing/Middleware/ThrottleRequests.php(90): Illuminate\\Routing\\Middleware\\ThrottleRequests->handleRequestUsingNamedLimiter()
#19 /home/u187586491/domains/pixfacil.fun/public_html/vendor/laravel/framework/src/Illuminate/Pipeline/Pipeline.php(219): Illuminate\\Routing\\Middleware\\ThrottleRequests->handle()
#20 /home/u187586491/domains/pixfacil.fun/public_html/vendor/laravel/framework/src/Illuminate/Pipeline/Pipeline.php(137): Illuminate\\Pipeline\\Pipeline->Illuminate\\Pipeline\\{closure}()
#21 /home/u187586491/domains/pixfacil.fun/public_html/vendor/laravel/framework/src/Illuminate/Routing/Router.php(821): Illuminate\\Pipeline\\Pipeline->then()
#22 /home/u187586491/domains/pixfacil.fun/public_html/vendor/laravel/framework/src/Illuminate/Routing/Router.php(800): Illuminate\\Routing\\Router->runRouteWithinStack()
#23 /home/u187586491/domains/pixfacil.fun/public_html/vendor/laravel/framework/src/Illuminate/Routing/Router.php(764): Illuminate\\Routing\\Router->runRoute()
#24 /home/u187586491/domains/pixfacil.fun/public_html/vendor/laravel/framework/src/Illuminate/Routing/Router.php(753): Illuminate\\Routing\\Router->dispatchToRoute()
#25 /home/u187586491/domains/pixfacil.fun/public_html/vendor/laravel/framework/src/Illuminate/Foundation/Http/Kernel.php(200): Illuminate\\Routing\\Router->dispatch()
#26 /home/u187586491/domains/pixfacil.fun/public_html/vendor/laravel/framework/src/Illuminate/Pipeline/Pipeline.php(180): Illuminate\\Foundation\\Http\\Kernel->Illuminate\\Foundation\\Http\\{closure}()
#27 /home/u187586491/domains/pixfacil.fun/public_html/vendor/livewire/livewire/src/Features/SupportDisablingBackButtonCache/DisableBackButtonCacheMiddleware.php(19): Illuminate\\Pipeline\\Pipeline->Illuminate\\Pipeline\\{closure}()
#28 /home/u187586491/domains/pixfacil.fun/public_html/vendor/laravel/framework/src/Illuminate/Pipeline/Pipeline.php(219): Livewire\\Features\\SupportDisablingBackButtonCache\\DisableBackButtonCacheMiddleware->handle()
#29 /home/u187586491/domains/pixfacil.fun/public_html/app/Http/Middleware/SetDefaultLanguage.php(20): Illuminate\\Pipeline\\Pipeline->Illuminate\\Pipeline\\{closure}()
#30 /home/u187586491/domains/pixfacil.fun/public_html/vendor/laravel/framework/src/Illuminate/Pipeline/Pipeline.php(219): App\\Http\\Middleware\\SetDefaultLanguage->handle()
#31 /home/u187586491/domains/pixfacil.fun/public_html/vendor/laravel/framework/src/Illuminate/Foundation/Http/Middleware/TransformsRequest.php(21): Illuminate\\Pipeline\\Pipeline->Illuminate\\Pipeline\\{closure}()
#32 /home/u187586491/domains/pixfacil.fun/public_html/vendor/laravel/framework/src/Illuminate/Foundation/Http/Middleware/ConvertEmptyStringsToNull.php(31): Illuminate\\Foundation\\Http\\Middleware\\TransformsRequest->handle()
#33 /home/u187586491/domains/pixfacil.fun/public_html/vendor/laravel/framework/src/Illuminate/Pipeline/Pipeline.php(219): Illuminate\\Foundation\\Http\\Middleware\\ConvertEmptyStringsToNull->handle()
#34 /home/u187586491/domains/pixfacil.fun/public_html/vendor/laravel/framework/src/Illuminate/Foundation/Http/Middleware/TransformsRequest.php(21): Illuminate\\Pipeline\\Pipeline->Illuminate\\Pipeline\\{closure}()
#35 /home/u187586491/domains/pixfacil.fun/public_html/vendor/laravel/framework/src/Illuminate/Foundation/Http/Middleware/TrimStrings.php(51): Illuminate\\Foundation\\Http\\Middleware\\TransformsRequest->handle()
#36 /home/u187586491/domains/pixfacil.fun/public_html/vendor/laravel/framework/src/Illuminate/Pipeline/Pipeline.php(219): Illuminate\\Foundation\\Http\\Middleware\\TrimStrings->handle()
#37 /home/u187586491/domains/pixfacil.fun/public_html/vendor/laravel/framework/src/Illuminate/Http/Middleware/ValidatePostSize.php(27): Illuminate\\Pipeline\\Pipeline->Illuminate\\Pipeline\\{closure}()
#38 /home/u187586491/domains/pixfacil.fun/public_html/vendor/laravel/framework/src/Illuminate/Pipeline/Pipeline.php(219): Illuminate\\Http\\Middleware\\ValidatePostSize->handle()
#39 /home/u187586491/domains/pixfacil.fun/public_html/vendor/laravel/framework/src/Illuminate/Foundation/Http/Middleware/PreventRequestsDuringMaintenance.php(109): Illuminate\\Pipeline\\Pipeline->Illuminate\\Pipeline\\{closure}()
#40 /home/u187586491/domains/pixfacil.fun/public_html/vendor/laravel/framework/src/Illuminate/Pipeline/Pipeline.php(219): Illuminate\\Foundation\\Http\\Middleware\\PreventRequestsDuringMaintenance->handle()
#41 /home/u187586491/domains/pixfacil.fun/public_html/vendor/laravel/framework/src/Illuminate/Http/Middleware/HandleCors.php(74): Illuminate\\Pipeline\\Pipeline->Illuminate\\Pipeline\\{closure}()
#42 /home/u187586491/domains/pixfacil.fun/public_html/vendor/laravel/framework/src/Illuminate/Pipeline/Pipeline.php(219): Illuminate\\Http\\Middleware\\HandleCors->handle()
#43 /home/u187586491/domains/pixfacil.fun/public_html/app/Http/Middleware/SecurityHeaders.php(16): Illuminate\\Pipeline\\Pipeline->Illuminate\\Pipeline\\{closure}()
#44 /home/u187586491/domains/pixfacil.fun/public_html/vendor/laravel/framework/src/Illuminate/Pipeline/Pipeline.php(219): App\\Http\\Middleware\\SecurityHeaders->handle()
#45 /home/u187586491/domains/pixfacil.fun/public_html/vendor/laravel/framework/src/Illuminate/Http/Middleware/TrustProxies.php(58): Illuminate\\Pipeline\\Pipeline->Illuminate\\Pipeline\\{closure}()
#46 /home/u187586491/domains/pixfacil.fun/public_html/vendor/laravel/framework/src/Illuminate/Pipeline/Pipeline.php(219): Illuminate\\Http\\Middleware\\TrustProxies->handle()
#47 /home/u187586491/domains/pixfacil.fun/public_html/vendor/laravel/framework/src/Illuminate/Http/Middleware/TrustHosts.php(78): Illuminate\\Pipeline\\Pipeline->Illuminate\\Pipeline\\{closure}()
#48 /home/u187586491/domains/pixfacil.fun/public_html/vendor/laravel/framework/src/Illuminate/Pipeline/Pipeline.php(219): Illuminate\\Http\\Middleware\\TrustHosts->handle()
#49 /home/u187586491/domains/pixfacil.fun/public_html/vendor/laravel/framework/src/Illuminate/Pipeline/Pipeline.php(137): Illuminate\\Pipeline\\Pipeline->Illuminate\\Pipeline\\{closure}()
#50 /home/u187586491/domains/pixfacil.fun/public_html/vendor/laravel/framework/src/Illuminate/Foundation/Http/Kernel.php(175): Illuminate\\Pipeline\\Pipeline->then()
#51 /home/u187586491/domains/pixfacil.fun/public_html/vendor/laravel/framework/src/Illuminate/Foundation/Http/Kernel.php(144): Illuminate\\Foundation\\Http\\Kernel->sendRequestThroughRouter()
#52 /home/u187586491/domains/pixfacil.fun/public_html/bootstrap/front.php(51): Illuminate\\Foundation\\Http\\Kernel->handle()
#53 /home/u187586491/domains/pixfacil.fun/public_html/bootstrap/loader.php(5): require('/home/u18758649...')
#54 /home/u187586491/domains/pixfacil.fun/public_html/public/index.php(4): require('/home/u18758649...')
#55 {main}
"} 
